Name,Term,ES,NES,NOM p-val,FDR q-val,FWER p-val,Tag %,Gene %,Lead_genes
prerank,Propanoate metabolism,-0.6620987165796803,-2.1666838537959756,0.0,0.005935696619950536,0.003,20/32,14.13%,pccb;acss2;aldh6a1;acss3;ldhal6b;dbt;echdc1;acacb;acox1;abat;sucla2;mlycd;dld;acat1;pcca;bckdha;mcee;ldha;echs1;bckdhb
prerank,"Valine, leucine and isoleucine degradation",-0.5666772238737137,-2.014458534705877,0.0,0.013849958779884585,0.014,24/45,17.77%,acadsb;pccb;hibadh;aldh6a1;bcat1;ivd;mccc2;acad8;dbt;bcat2;abat;acaa2;dld;aldh7a1;acat1;pcca;bckdha;mcee;auh;echs1;bckdhb;mccc1;hmgcs2;hmgcs1
prerank,Primary bile acid biosynthesis,-0.7045964359972122,-1.941198723968857,0.0,0.017147568013190437,0.026,8/16,3.54%,cyp7b1;cyp8b1;cyp7a1;hsd3b7;scp2;slc27a5;baat;cyp27a1
prerank,Maturity onset diabetes of the young,-0.6097200493174438,-1.8175943585635466,0.01282051282051282,0.04402308326463314,0.08,6/22,5.12%,iapp;pdx1;nkx2-2;onecut1;neurod1;hhex
prerank,Fatty acid degradation,-0.5428272351465535,-1.8035795202927667,0.006024096385542169,0.039571310799670245,0.09,14/38,10.89%,cyp2u1;acsl6;adh4;acadsb;acsl1;gcdh;adh7;adh5;acox1;acsbg2;acaa2;cpt2;aldh7a1;acat1
prerank,Peroxisome,-0.44270406479406244,-1.751799525574128,0.0,0.04748557295960428,0.125,36/81,18.24%,nudt7;acsl6;scp2;acsl1;baat;mpv17l;paox;phyh;agxt;pxmp2;hacl1;hao1;ephx2;abcd3;gstk1;crot;acox1;pmvk;mlycd;pecr;slc27a2;pipox;cat;amacr;pex11g;pex6;sod1;mvk;pex2;sod2;ech1;pex16;pex10;pex5;pex11b;acot8
prerank,Glyoxylate and dicarboxylate metabolism,-0.527225767904719,-1.7111749992529819,0.0,0.05822635731951478,0.17,20/29,16.96%,pccb;acss2;agxt;hao1;glul;amt;mdh1;cat;dld;acat1;pcca;shmt1;mcee;afmid;hoga1;shmt2;hyi;glyctk;cs;gcsh
prerank,Cell cycle,0.5802712735522509,1.6865734158486958,0.0,0.18884328701573572,0.172,35/121,13.21%,cdkn2b;ccnb1;plk1;ccnb2;pkmyt1;ttk;cdkn1a;cdc20;cdc25c;cdkn2a;cdk1;bub1;ccna2;ccne1;tgfb2;mcm6;bub1b;espl1;sfn;cdc6;gadd45b;wee1;cdc25b;cdc7;mcm2;cdc45;cdkn2c;mcm5;chek1;ywhah;mcm3;dbf4;rbl1;mad2l1;ccnd1
prerank,Staphylococcus aureus infection,0.627757859813985,1.6859525484037365,0.002290950744558992,0.0953124137296402,0.174,20/51,16.19%,krt13;krt20;defb1;krt15;krt17;krt28;krt23;krt12;krt25;krt24;camp;krt16;il10;krt18;krt33b;c1qa;icam1;c1qb;selplg;c1qc
prerank,Progesterone-mediated oocyte maturation,0.5824757238144057,1.6713094061972258,0.0,0.08135701358854022,0.217,26/85,15.83%,adcy8;adcy1;ccnb1;plk1;ccnb2;pkmyt1;cdc25c;cdk1;bub1;ccna2;adcy2;aurka;stk10;cdc25b;rps6ka1;kif22;mapk11;mad2l1;adcy7;gnai1;pik3cd;mapk13;cpeb1;mapk3;cdc25a;adcy3
prerank,p53 signaling pathway,0.6059188284389678,1.6697012844576697,0.0,0.06324468574583601,0.221,29/66,20.07%,serpine1;ccnb1;gtse1;ccnb2;cdkn1a;cdkn2a;cdk1;rprm;ccne1;sfn;igfbp3;rrm2;gadd45b;pmaip1;tnfrsf10b;serpinb5;chek1;thbs1;apaf1;sesn2;ccnd1;ddb2;bax;bcl2l1;bcl2;steap3;shisa5;aifm2;zmat3
prerank,Viral protein interaction with cytokine and cytokine receptor,0.5970457264590612,1.6678577026165922,0.0,0.05130836477408668,0.223,42/77,18.21%,ccl20;cxcr1;ccl17;cx3cl1;cx3cr1;cxcl14;il19;ccr3;cxcr4;ccl2;il34;ccl5;ccl4;cxcr3;cxcl9;ccr8;il10;tnfrsf10b;ccl22;ccr2;ccl3;ccr1;ccr10;ccr7;il22ra1;il10ra;pf4;ccl19;ccl1;cxcl10;ccl7;ccr6;ccr4;cxcl3;tnf;il10rb;ccl11;ccl8;il2rg;xcl1;il2rb;cxcl5
prerank,Estrogen signaling pathway,0.565092848098555,1.6672333400788049,0.0,0.04290543234870096,0.223,36/121,17.72%,krt13;krt20;adcy8;calml3;adcy1;krt15;shc2;krt17;krt28;krt23;calml4;src;krt12;itpr3;krt25;adcy2;krt24;fkbp5;shc4;oprm1;kcnj9;krt16;hbegf;shc3;krt18;mmp2;adcy7;gnai1;pik3cd;krt33b;mapk3;adcy3;gabbr1;plcb2;bcl2;prkcd
prerank,Spliceosome,-0.4181935309453763,-1.666912624150209,0.0,0.07394888705688377,0.239,69/125,40.00%,lsm6;hnrnpa3;u2af1;prpf6;rp9;sf3b6;rbm8a;hnrnpc;u2surp;cwc15;snrpd3;snw1;tra2b;ncbp1;snrnp27;pcbp1;hspa1a;usp39;ppih;prpf8;magoh;srsf1;ddx46;prpf4;syf2;smndc1;cdc40;srsf3;thoc3;srsf4;rbmxl2;ncbp2;srsf7;srsf2;thoc2;thoc1;wbp11;srsf5;plrg1;pqbp1;srsf6;prpf18;srsf10;hnrnpk;lsm5;u2af1l4;prpf40a;rbm25;sf3a2;cherp;snrnp40;tra2a;sf3a3;hnrnpu;snrpg;dhx16;snrpd2;acin1;crnkl1;xab2;snrpa;zmat2;bud31;cdc5l;prpf3;fus;sf3b5;prpf31;dhx15
prerank,Pancreatic secretion,-0.4020131894030135,-1.6257516258524658,0.0,0.08793624622148942,0.307,19/94,1.25%,cela3a;clca1;prss3;ctrl;amy2b;cpb1;cela2a;cpa2;pnliprp1;prss1;pla2g1b;pnlip;cckar;cpa1;ctrb1;pnliprp2;cela3b;prss2;cel
prerank,Hematopoietic cell lineage,0.5836867519156859,1.6177360394588558,0.003386004514672686,0.08500492973484598,0.435,41/66,26.92%,epo;itga2;itga6;cd14;cd9;cd36;il1r2;itga3;csf2;il3ra;gp1bb;il9r;il7;gypa;cd8a;dntt;cd7;csf2ra;tfrc;cd3g;cd5;itgb3;cd22;tnf;flt3;epor;cd2;il4;cd33;cd3d;csf3r;cd34;cd44;cd3e;il11;csf1r;mme;csf3;itga5;itga4;cd19
prerank,GnRH signaling pathway,0.5695213933726427,1.6169288121295131,0.001088139281828074,0.07560412257292722,0.439,29/84,18.93%,adcy8;calml3;adcy1;pla2g4f;calml4;src;cga;itpr3;adcy2;mapk7;hbegf;cacna1c;gnrh1;mapk11;mmp2;pla2g4d;camk2a;adcy7;mapk13;mapk3;prkca;cacna1f;adcy3;mmp14;plcb2;prkcd;lhb;camk2b;adcy6
prerank,Protein export,-0.5683394834990813,-1.6101295050455602,0.017467248908296942,0.08844187963726298,0.335,15/21,31.61%,immp2l;sec63;spcs2;immp1l;spcs3;hspa5;sec62;oxa1l;sec61b;srp68;sec61a1;sec61g;srprb;srp72;sec11a
prerank,Steroid biosynthesis,-0.5788374012498333,-1.6025776989332319,0.03773584905660377,0.08381923105748333,0.346,8/18,17.41%,cel;tm7sf2;ebp;sc5d;msmo1;cyp2r1;nsdhl;fdft1
prerank,Oocyte meiosis,0.5472555197027358,1.5919244208914258,0.0010582010582010583,0.0972919031113565,0.562,27/107,14.58%,adcy8;calml3;adcy1;ccnb1;plk1;ccnb2;pkmyt1;calml4;cdc20;cdc25c;cdk1;bub1;itpr3;ccne1;adcy2;espl1;aurka;rps6ka1;ywhah;mapk11;mad2l1;camk2a;adcy7;mapk13;cpeb1;fbxo5;mapk3
prerank,Metabolism of xenobiotics by cytochrome P450,0.6089866086980131,1.5743226558952408,0.005973715651135006,0.11205889389896015,0.646,19/42,14.32%,sult2a1;cbr3;gsta1;gstm3;aldh3a1;mgst3;cbr1;gstm1;ugt1a8;ugt1a9;ephx1;aldh3b1;gstm4;gsta4;hpgds;mgst2;ugt2a1;cyp1a1;gstm2
prerank,Chemokine signaling pathway,0.5258583007702853,1.5651708872408832,0.0,0.11571914971933377,0.688,69/171,22.05%,ccl20;adcy8;adcy1;shc2;cxcr1;src;ccl17;pak1;cx3cl1;cx3cr1;cxcl14;adcy2;ccr3;cxcr4;shc4;ccl2;ccl5;ccl4;cxcl16;cxcr3;shc3;cxcl9;ccr8;rasgrp2;ccl22;elmo1;ccr2;ccl3;gng2;ccr1;was;ccr10;adcy7;gnai1;pik3cd;ccr7;fgr;mapk3;pf4;ccl19;ccl1;cxcl10;ccl7;vav1;adcy3;ccr6;gngt2;gng8;ccr4;plcb2;cxcl3;ccl11;pik3cg;ccl8;xcl1;prkcd;cxcl5;hck;dock2;rac2;adcy6;arrb1;gnb5;vav3;pik3r5;arrb2;plcg2;pik3r6;gnb3
prerank,Inflammatory mediator regulation of TRP channels,0.5469331946905925,1.558663814305996,0.002150537634408602,0.11624551394129015,0.722,31/90,18.96%,adcy8;calml3;adcy1;pla2g4f;trpa1;f2rl1;calml4;src;ngf;itpr3;adcy2;trpv4;bdkrb2;trpm8;hrh1;mapk11;pla2g4d;camk2a;adcy7;pik3cd;mapk13;pla2g6;prkca;adcy3;plcb2;trpv2;prkcd;prkch;camk2b;adcy6;asic3
prerank,Ether lipid metabolism,0.6037154110306533,1.5577973192743064,0.012956419316843345,0.10887952941509581,0.727,23/42,22.68%,pla2g2e;gal3st1;pla2g4f;pla2g5;plb1;gdpd1;lpcat4;plpp2;pla2g7;pla2g2a;gdpd3;lpcat2;pafah1b3;pla2g4d;pla2g6;pla2g2c;pld3;enpp2;pld4;pla2g4c;pld2;pla2g10;lpcat1
prerank,Terpenoid backbone biosynthesis,-0.5156852104079207,-1.5527739201649347,0.027777777777777776,0.10420445177246496,0.431,9/22,17.77%,idi1;fdps;pmvk;acat1;dhdds;idi2;mvk;hmgcs2;hmgcs1
prerank,Pyruvate metabolism,-0.45326542244823176,-1.5430253543265957,0.01948051948051948,0.10303760542837212,0.453,18/40,13.33%,adh4;acss2;ldhd;ldhal6b;adh7;acyp1;acacb;hagh;adh5;mdh1;glo1;dlat;pck1;dld;aldh7a1;acat1;acot12;ldha
prerank,ErbB signaling pathway,0.5428529844141199,1.5333295692487967,0.0075107296137339056,0.13692410837529084,0.817,19/83,14.85%,areg;pak6;shc2;nrg1;cdkn1a;btc;src;pak3;pak1;nrg2;nck2;shc4;hbegf;shc3;camk2a;pik3cd;nrg4;mapk3;prkca
prerank,Renal cell carcinoma,0.5388454448806359,1.4920162993985302,0.023204419889502764,0.21461623876568203,0.948,7/64,4.44%,pak6;arnt2;cdkn1a;pak3;pak1;tgfb2;pdgfb
prerank,"Alanine, aspartate and glutamate metabolism",-0.43905022351154865,-1.4810118949249746,0.04242424242424243,0.14005417500883288,0.583,13/34,9.56%,rimkla;agxt;nit2;aspa;cps1;glul;aldh4a1;gls2;ass1;abat;gfpt2;ppat;aldh5a1
prerank,Bile secretion,0.5258900120579376,1.4690062194028972,0.009868421052631578,0.2589914419803073,0.971,17/70,8.34%,sult2a1;adcy8;adcy1;abcc4;cftr;slc5a1;sct;atp1a4;sctr;slc51b;slc4a5;adcy2;ugt1a8;ugt1a9;ephx1;abcc3;atp1a2
prerank,PPAR signaling pathway,-0.3798638710074135,-1.4583026621631674,0.02197802197802198,0.1499752679307502,0.626,19/69,10.17%,ucp1;cyp8b1;acsl6;adipoq;fabp1;cyp7a1;plin1;scp2;slc27a5;acsl1;cyp27a1;olr1;apoa5;apoc3;acox1;acsbg2;pck1;slc27a2;cpt2
prerank,Cell adhesion molecules,0.5032402446065115,1.4561011674164348,0.007391763463569166,0.2817977795700962,0.979,52/115,23.80%,cldn7;cldn4;madcam1;cldn23;pdcd1;itga6;ctla4;vtcn1;pdcd1lg2;vcam1;sele;cldn6;nrxn2;cntnap1;spn;cd8a;itga8;cd276;cd6;lrrc4b;cd28;cldn11;itgb8;negr1;mpzl1;cntn2;icam1;f11r;selplg;cd40;nrxn1;pecam1;nlgn2;cd22;alcam;esam;cldn8;vsir;pvr;cd2;cdh4;cd86;ptprc;ptprm;itgb2;cd34;cldn22;cldn14;sell;cdh1;cldn24;l1cam
prerank,Gap junction,0.5117464602790002,1.4553662887666408,0.014038876889848811,0.26831978569164544,0.979,25/79,17.09%,adcy8;adcy1;tubb2b;src;cdk1;tuba8;tubb3;itpr3;pdgfb;adcy2;mapk7;pdgfd;tubb6;adcy7;gnai1;tuba1a;lpar1;pdgfa;tubb2a;mapk3;prkca;adcy3;tuba1b;pdgfrb;plcb2
prerank,Folate biosynthesis,-0.4731171860816311,-1.4542663086821734,0.05405405405405406,0.14492992580379227,0.638,8/21,11.83%,alpi;gphn;pah;qdpr;fpgs;tph2;mocs2;pts
prerank,Natural killer cell mediated cytotoxicity,0.5113069025611972,1.451705079886001,0.015037593984962405,0.26460563850963564,0.984,40/88,26.26%,shc2;pak1;shc4;csf2;prf1;ncr1;cd244;ulbp1;shc3;klrd1;cd247;tnfrsf10b;hcst;lck;fcer1g;lat;pik3cd;cd48;ifngr1;mapk3;icam1;prkca;vav1;tnf;raet1e;tyrobp;syk;nfatc2;rac2;ifngr2;vav3;gzmb;plcg2;itgb2;bid;ptpn6;sh2d1a;klrc1;lcp2;prkcb
prerank,Rheumatoid arthritis,0.5143119825615036,1.4467370893567555,0.026997840172786176,0.26531591055489095,0.984,30/71,22.73%,ccl20;atp6v1b1;ctla4;tgfb2;ltb;tnfsf13;ctsk;csf2;ccl2;ccl5;cd28;il23a;angpt1;tnfsf13b;ccl3;tlr2;tnfrsf11a;icam1;cxcl3;tnf;tgfb3;cxcl5;atp6v0d2;atp6v1g2;tcirg1;cd86;atp6v0e2;itgb2;il15;il11
prerank,ECM-receptor interaction,0.5133626369277424,1.445527327479946,0.016146393972012917,0.2557783065374857,0.984,33/85,16.15%,itga2;spp1;col4a3;lamc3;npnt;itga6;col9a2;lama5;hmmr;col4a5;cd36;lamc2;itgb6;itga3;col4a1;col4a4;col9a1;gp1bb;col4a2;col6a3;itga8;lama2;dmp1;frem2;col6a6;itga11;itgb8;thbs1;thbs2;vwf;lamc1;itgb3;tnr
prerank,Cytokine-cytokine receptor interaction,0.4827370844130792,1.4398940159536417,0.0,0.25864728075825894,0.987,95/236,18.29%,ccl20;epo;bmp8b;inhbb;cxcr1;lif;il1rn;cxcl17;tnfrsf12a;tnfrsf9;ccl17;ngf;cx3cl1;clcf1;lepr;cx3cr1;gdf1;tgfb2;ifnlr1;cxcl14;ltb;il19;ccr3;tnfsf13;cxcr4;il1r2;eda2r;il12b;csf2;tnfsf18;gdf3;tnfsf8;tnfsf4;ccl2;il3ra;il34;ccl5;osm;inha;il9r;ccl4;cxcl16;il7;cxcr3;tnfrsf8;cxcl9;tnfrsf18;ccr8;il10;il23a;tnfrsf10b;ccl22;ccr2;eda;il17d;tnfsf13b;ccl3;osmr;ccr1;ccr10;ccr7;csf2ra;il22ra1;tnfrsf11a;tgfbr2;il10ra;ifngr1;csf2rb;pf4;ccl19;ccl1;ebi3;cxcl10;il21;ccl7;cd40;relt;ccr6;tnfrsf19;tnfsf9;ccr4;cxcl3;tnf;il10rb;ccl11;ccl8;il2rg;xcl1;tgfb3;crlf2;il2rb;cxcl5;bmp6;bmp4;acvrl1
prerank,Tryptophan metabolism,-0.4220831587943857,-1.4380953547224185,0.0379746835443038,0.14909073274816934,0.671,20/40,14.55%,aadat;cyp1a2;kynu;aldh8a1;gcdh;kmo;haao;ido1;asmt;tph2;tdo2;ido2;cat;dld;aldh7a1;acat1;ddc;afmid;echs1;dlst
prerank,Fc epsilon RI signaling pathway,0.5182937275722698,1.4343708546546594,0.03131991051454139,0.26308704854345627,0.991,24/64,21.55%,pla2g4f;csf2;fcer1a;alox5;mapk11;fcer1g;lat;pla2g4d;pik3cd;mapk13;mapk3;prkca;inpp5d;vav1;tnf;gab2;syk;rac2;ms4a2;vav3;il4;pla2g4c;plcg2;btk
prerank,Fluid shear stress and atherosclerosis,0.48686779047144313,1.4176619118245306,0.008290155440414507,0.29822244716419744,0.994,41/126,19.60%,gsta1;calml3;gstm3;nqo1;calml4;src;mgst3;plat;gstm1;pdgfb;trpv4;vcam1;il1r2;sele;ccl2;gpc1;arhgef2;gstm4;nppc;gsta4;mapk7;mgst2;mapk11;hmox1;mmp2;pik3cd;cav2;mapk13;pdgfa;gstm2;icam1;itgb3;pecam1;edn1;tnf;cyba;bcl2;bmp4;rac2;ncf2;thbd
prerank,Sphingolipid metabolism,0.5364125306219595,1.4109169910319506,0.056128293241695305,0.30549855525904107,0.998,18/45,20.49%,gal3st1;psapl1;smpd3;b4galt6;sphk1;plpp2;degs2;acer2;cers3;cerk;sgpp2;cers6;arsa;kdsr;sptlc2;psap;neu3;gla
prerank,ABC transporters,0.5420957194193919,1.4099779227939035,0.043942992874109264,0.2964551818844632,0.998,11/41,12.23%,abcc12;defb1;abcc4;cftr;abcd2;abcc5;abcc3;abcg1;abca5;abcg5;abcc1
prerank,Non-alcoholic fatty liver disease,-0.33554935789759865,-1.4073207510606285,0.034482758620689655,0.16806815059082167,0.729,69/141,29.17%,cyp2e1;adipoq;il6;lep;fos;adipor2;socs3;cox7b2;xbp1;prkag3;sdha;cox5a;uqcrb;cox7a2;cebpa;ndufs4;ndufb5;sdhd;ndufa5;ndufb11;uqcrc1;akt2;irs2;uqcrc2;uqcrh;cox7b;ndufs7;ndufc2;sdhb;ndufa3;cycs;uqcrfs1;ndufb2;ndufab1;mlxipl;pik3r1;rxra;ndufb8;prkaa2;uqcr11;ndufb10;ndufa9;cox7c;casp7;ndufa12;ndufs8;itch;irs1;uqcrq;ndufb6;ndufs6;cox6b1;il1a;pik3cb;cox7a1;ndufs5;srebf1;ndufb4;ndufa1;ndufc1;cox4i1;ndufv2;prkag2;pik3ca;ndufa13;ndufv1;ndufa6;nr1h3;mapk8
prerank,Leishmaniasis,0.5149352970074432,1.4052285033485612,0.04519774011299435,0.29936477749489615,0.999,28/56,27.35%,tgfb2;nos2;cybb;il12b;il10;mapk11;ncf4;mapk13;tlr2;ifngr1;mapk3;tnf;cyba;tgfb3;ncf2;ifngr2;il4;itgb2;ncf1;ptpn6;ptgs2;tgfb1;c3;irak4;prkcb;tab1;itga4;marcksl1
prerank,Glutathione metabolism,0.5278808737927774,1.4029378146408993,0.05961754780652419,0.2953539549619424,0.999,19/52,16.38%,gpx2;gsta1;gstm3;mgst3;gstm1;gpx7;rrm2;pgd;gstm4;gsta4;hpgds;gclc;gss;mgst2;ggt7;gpx4;gstm2;sms;gpx3
prerank,Cellular senescence,0.47667316541265403,1.3991130775234606,0.011270491803278689,0.2965650514211009,0.999,29/141,15.25%,serpine1;calml3;cdkn2b;ccnb1;ccnb2;calml4;cdkn1a;cdkn2a;cdk1;ccna2;foxm1;itpr3;ccne1;tgfb2;trpv4;igfbp3;mybl2;gadd45b;slc25a4;chek1;mapk11;rbl1;ccnd1;pik3cd;mapk13;tgfbr2;mapk3;cdc25a;e2f1
prerank,Small cell lung cancer,0.49015896603945497,1.3986735832408053,0.02258064516129032,0.28774847397319103,0.999,28/90,18.14%,cdkn2b;itga2;col4a3;lamc3;cdkn1a;itga6;lama5;ccne1;nos2;col4a5;lamc2;itga3;col4a1;col4a4;col4a2;gadd45b;lama2;apaf1;traf1;ccnd1;pik3cd;e2f1;ddb2;lamc1;bax;bcl2l1;bcl2;lamb3
prerank,Tuberculosis,0.46905588925857755,1.3984648167337441,0.009259259259259259,0.2790122210777228,0.999,44/140,20.30%,calml3;calml4;src;vdr;tlr1;cd14;tgfb2;itgax;nos2;camp;cd74;sphk1;il12b;tlr6;clec7a;ciita;il10;tlr9;il23a;mapk11;fcer1g;apaf1;camk2a;mapk13;tlr2;il10ra;ifngr1;mapk3;coro1a;ctss;bax;mrc2;tnf;il10rb;bcl2;card9;tgfb3;camk2b;syk;bcl10;atp6v0d2;ifngr2;tcirg1;lsp1
prerank,Hepatocellular carcinoma,0.4669711556822988,1.3967764851267395,0.01720647773279352,0.2747469402779056,0.999,37/160,16.95%,igf2;gsta1;wnt7a;shc2;gstm3;nqo1;wnt10a;wnt16;cdkn1a;cdkn2a;mgst3;gstm1;fzd9;tgfb2;shc4;gstm4;wnt7b;gadd45b;wnt10b;gsta4;fzd10;shc3;dpf1;mgst2;hmox1;ccnd1;pik3cd;tgfbr2;gstm2;mapk3;prkca;e2f1;ddb2;bax;bcl2l1;wnt11;wnt4
prerank,Phospholipase D signaling pathway,0.4748922990837746,1.394862990125626,0.013415892672858616,0.2717119106775866,0.999,51/139,22.12%,adcy8;adcy1;shc2;cxcr1;pla2g4f;lpar2;ptgfr;pdgfb;adcy2;sphk1;shc4;plpp2;fcer1a;lpar3;shc3;pdgfd;lpar5;ralgds;dgkd;cyth4;rapgef3;fcer1g;dnm3;pla2g4d;adcy7;pik3cd;lpar1;pdgfa;mapk3;prkca;adcy3;pdgfrb;plcb2;pik3cg;cyth3;dgkz;gab2;rras;agpat1;syk;adcy6;grm2;ms4a2;pik3r5;dgkg;ralb;pla2g4c;plcg2;avpr2;pik3r6;pld2
prerank,AGE-RAGE signaling pathway in diabetic complications,0.48741100633209833,1.391724659595446,0.03400637619553666,0.27110853690882813,0.999,29/97,17.75%,serpine1;col4a3;tgfb2;cybb;col4a5;vcam1;sele;col4a1;plcd3;col4a4;ccl2;col4a2;ager;mapk11;mmp2;ccnd1;pik3cd;mapk13;tgfbr2;mapk3;icam1;prkca;bax;edn1;plcb2;tnf;bcl2;prkcd;tgfb3
prerank,C-type lectin receptor signaling pathway,0.48010238862299515,1.369838430829702,0.03023758099352052,0.3228914801035902,1.0,29/96,18.60%,calml3;calml4;src;ccl17;pak1;itpr3;casp1;il12b;egr2;relb;nfkb2;clec7a;il10;il23a;ccl22;egr3;il17d;mapk11;fcer1g;pik3cd;mapk13;mapk3;tnf;card9;prkcd;rras;syk;bcl10;nfatc2
prerank,Aminoacyl-tRNA biosynthesis,-0.4418162227940441,-1.3670101164042876,0.07339449541284404,0.20702043649932747,0.815,17/25,38.40%,nars2;sepsecs;lars2;pstk;rars2;sars2;hars2;fars2;ears2;mtfmt;yars2;tars2;vars2;gatc;cars2;aars2;qrsl1
prerank,Chagas disease,0.4756978233526073,1.366513252082591,0.029692470837751856,0.32297843624428696,1.0,30/97,17.75%,serpine1;adcy1;tgfb2;nos2;il12b;ccl2;ccl5;ace;ppp2r2b;bdkrb2;tlr6;il10;cd247;tlr9;mapk11;ccl3;gnai1;pik3cd;mapk13;tlr2;tgfbr2;ifngr1;mapk3;c1qa;cd3g;c1qb;c1qc;plcb2;tnf;tgfb3
prerank,Platelet activation,0.46538295856687373,1.363838944325397,0.023060796645702306,0.32173657415582513,1.0,40/117,22.51%,adcy8;adcy1;f2rl3;itga2;pla2g4f;src;itpr3;adcy2;gp1bb;myl12b;rasgrp2;mapk11;vasp;fcer1g;pla2g4d;adcy7;gnai1;pik3cd;mapk13;myl12a;mapk3;vwf;fermt3;adcy3;itgb3;plcb2;pik3cg;syk;adcy6;p2ry1;pik3r5;mylk4;tbxas1;col1a1;pla2g4c;plcg2;btk;pik3r6;nos3;p2ry12
prerank,alpha-Linolenic acid metabolism,0.5817587782768505,1.3628791068414536,0.10951760104302477,0.31605933947780096,1.0,8/21,14.23%,pla2g2e;pla2g4f;pla2g5;plb1;pla2g2a;pla2g4d;pla2g6;pla2g2c
prerank,Gastric acid secretion,0.49046219902228505,1.3560427086982167,0.0707182320441989,0.327346636370286,1.0,22/68,18.93%,adcy8;calml3;adcy1;cftr;calml4;atp1a4;itpr3;adcy2;kcnj2;sstr2;atp1a2;atp1b2;camk2a;adcy7;gnai1;atp4b;prkca;atp1b1;adcy3;plcb2;camk2b;adcy6
prerank,Arachidonic acid metabolism,0.5145362409132443,1.355656124819069,0.07934655775962661,0.3204100487715101,1.0,14/47,9.54%,gpx2;cbr3;pla2g2e;pla2g4f;pla2g5;ptgds;ptges;cbr1;plb1;alox12b;gpx7;alox5;hpgds;pla2g2a
prerank,Ovarian steroidogenesis,0.5192381849060773,1.344211843368941,0.0779976717112922,0.345901285386278,1.0,19/42,24.56%,adcy8;adcy1;pla2g4f;cga;adcy2;alox5;acot2;hsd3b1;pla2g4d;adcy7;cyp1a1;adcy3;bmp6;lhb;adcy6;pla2g4c;cyp17a1;bmp15;ptgs2
prerank,Dilated cardiomyopathy,0.47467274050646163,1.3419519931587094,0.04589114194236926,0.3440918113817718,1.0,44/93,27.32%,adcy8;adcy1;itga2;itga6;tgfb2;adcy2;itgb6;itga3;mybpc3;actc1;cacng1;cacna1c;itga8;lama2;cacng7;cacnb1;itga11;itgb8;cacna2d4;adcy7;myl3;cacna1f;adcy3;tpm4;itgb3;slc8a1;tnf;tgfb3;cacnb3;tpm1;adcy6;itgb5;itgb4;lmna;cacna2d1;sgca;tgfb1;itgav;adrb1;itga5;cacng8;itga4;atp2a3;itgb7
prerank,Phagosome,0.4576386635825434,1.3406491407698489,0.04320337197049526,0.3397977662263178,1.0,43/112,26.02%,atp6v1b1;itga2;tubb2b;cd14;tuba8;tubb3;sftpd;cybb;cd36;dync1i1;tlr6;clec7a;tubb6;thbs1;thbs2;tuba1a;ncf4;tlr2;tubb2a;coro1a;ctss;tfrc;itgb3;tuba1b;mpo;mrc2;cyba;ncf2;atp6v0d2;atp6v1g2;itgb5;tcirg1;atp6v0e2;tap2;itgb2;ncf1;thbs3;c3;itgav;atp6v1c1;tubb4b;tap1;itga5
prerank,Melanogenesis,0.46706728561459065,1.3400768279679875,0.05387931034482758,0.333897119720254,1.0,24/92,18.93%,adcy8;calml3;adcy1;wnt7a;wnt10a;wnt16;calml4;fzd9;adcy2;wnt7b;wnt10b;fzd10;camk2a;adcy7;gnai1;mapk3;prkca;adcy3;edn1;wnt11;wnt4;plcb2;camk2b;adcy6
prerank,Cushing syndrome,0.4515100426706372,1.3390437148184147,0.02079002079002079,0.32944641779904504,1.0,34/148,17.09%,crhr1;adcy8;adcy1;wnt7a;cdkn2b;wnt10a;wnt16;cdkn1a;cdkn2a;nr5a1;fzd9;cacna1h;itpr3;ccne1;adcy2;rasd1;wnt7b;wnt10b;fzd10;cacna1c;hsd3b1;cdkn2c;kcna4;ccnd1;camk2a;adcy7;gnai1;mapk3;e2f1;cacna1f;adcy3;wnt11;wnt4;plcb2
prerank,Lysine degradation,-0.35814096579737204,-1.3358927898536588,0.04504504504504504,0.23258037922506183,0.851,23/58,22.92%,aadat;colgalt2;hykk;aass;gcdh;smyd1;pipox;dld;aldh7a1;acat1;bbox1;kmt2c;setmar;echs1;dlst;setd1b;dhtkd1;setd2;prdm2;ehmt1;aldh9a1;aldh2;nsd1
prerank,Regulation of actin cytoskeleton,0.4465048943355645,1.3353597571338929,0.012133468149646108,0.3329350526724307,1.0,71/203,25.07%,pak6;itgad;fgf21;itga2;fgd1;src;lpar2;pak3;itga6;pak1;pdgfb;itgax;iqgap3;itgb6;cxcr4;itga3;fgd3;diaph3;limk1;fgf23;bdkrb2;fgf7;arpc1b;itga8;pdgfd;lpar5;chrm2;myl12b;fgf5;itga11;itgb8;gsn;pik3cd;myl12a;lpar1;iqgap1;pdgfa;pfn2;mapk3;vav1;limk2;itgb3;itgae;pdgfrb;nckap1l;abi2;arhgef6;myh9;rras;rac2;tmsb4x;myh14;itgb5;vav3;git1;itgb4;mylk4;itgb2;baiap2;msn;pip4k2a;actr3;chrm4;myl10;ssh1;arhgef7;apc2;arpc2;actn1;fgfr1;itgav
prerank,Leukocyte transendothelial migration,0.45884857151914593,1.3349967588617768,0.04978813559322034,0.3267610509271678,1.0,46/104,28.02%,cldn7;cldn4;cldn23;cybb;vcam1;cxcr4;cldn6;ctnna2;cldn11;myl12b;mapk11;rapgef3;vasp;mmp2;gnai1;pik3cd;ncf4;mapk13;myl12a;icam1;prkca;f11r;vav1;pecam1;rhoh;cyba;esam;cldn8;rac2;ncf2;vav3;plcg2;itgb2;msn;cldn22;cldn14;cldn24;myl10;ncf1;sipa1;actn1;prkcb;rock2;itga4;gnai2;cdh5
prerank,Citrate cycle (TCA cycle),-0.42278840510076915,-1.3329220602717622,0.0979381443298969,0.2252738193381227,0.853,15/28,24.33%,sdha;sucla2;mdh1;dlat;pck1;dld;sdhd;idh3a;dlst;sdhb;cs;pdhb;aco1;suclg1;ogdh
prerank,Regulation of lipolysis in adipocytes,0.492456753484184,1.332734691388419,0.09244644870349493,0.3265600748443299,1.0,12/52,13.50%,adcy8;adcy1;aqp7;cga;adrb2;adcy2;adora1;fabp4;adcy7;gnai1;pik3cd;npy
prerank,Fc gamma R-mediated phagocytosis,0.4666616230130669,1.3301428566307552,0.0672358591248666,0.3270035663110372,1.0,38/89,27.35%,pla2g4f;pak1;sphk1;limk1;plpp2;arpc1b;bin1;vasp;gsn;lat;pla2g4d;was;pik3cd;pla2g6;mapk3;prkca;inpp5d;vav1;limk2;prkcd;gab2;hck;syk;rac2;vav3;ptprc;pla2g4c;plcg2;pld2;actr3;myo10;ncf1;arpc2;wasf3;marcks;prkcb;arpc5;marcksl1
prerank,Type I diabetes mellitus,0.5733272687291361,1.3268411674038114,0.11923076923076924,0.33004818257108676,1.0,8/21,10.61%,cpe;ptprn;gad2;il12b;prf1;ica1;gad1;cd28
prerank,Ras signaling pathway,0.443378083592367,1.3267390773047272,0.011088709677419355,0.32399583556621325,1.0,65/208,22.39%,igf2;pla2g2e;pak6;rasal1;calml3;shc2;fgf21;pla2g4f;calml4;pla2g5;pak3;ngf;pak1;angpt2;ntrk2;pdgfb;shc4;fgf23;efna4;flt4;fgf7;pgf;pla2g2a;angpt4;htr7;shc3;pdgfd;ralgds;angpt1;rasgrp2;fgf5;gng2;rasa4;lat;pla2g4d;grin2b;pik3cd;pla2g6;rasal3;rin1;ets2;pla2g2c;pdgfa;mapk3;prkca;bcl2l1;gngt2;gng8;pdgfrb;flt3;gab2;rras;ntf3;rac2;gnb5;rasgrf2;ralb;grin2a;pla2g4c;plcg2;rassf1;abl2;gnb3;pld2;pla2g10
prerank,Human T-cell leukemia virus 1 infection,0.4374478050320067,1.319969739214193,0.022357723577235773,0.3365912324539361,1.0,48/192,19.85%,mmp7;adcy8;adcy1;cdkn2b;ccnb2;cdkn1a;cdc20;cdkn2a;ccna2;ccne1;tgfb2;adcy2;bub1b;espl1;il1r2;csf2;egr2;relb;nfkb2;fosl1;slc25a4;cdkn2c;chek1;lck;mad2l1;ccnd1;adcy7;pik3cd;tgfbr2;ets2;mapk3;icam1;e2f1;cd3g;cd40;bax;adcy3;tspo;bcl2l1;tnf;il2rg;tgfb3;spi1;il2rb;nfatc2;adcy6;msx2;e2f3
prerank,Proteoglycans in cancer,0.43995262929497053,1.3191578742158967,0.023350253807106598,0.3331984838988039,1.0,65/196,25.07%,igf2;gpc3;wnt7a;wnt10a;wnt16;itga2;cd63;cdkn1a;hpse2;src;pak1;fzd9;itpr3;tgfb2;il12b;gpc1;wnt7b;wnt10b;plaur;fzd10;hbegf;mapk11;thbs1;twist1;mmp2;ccnd1;camk2a;hcls1;pik3cd;cav2;mapk13;tlr2;iqgap1;mapk3;prkca;plau;lum;timp3;vav1;itgb3;wnt11;wnt4;tnf;rras;camk2b;flna;ihh;itgb5;vav3;col1a1;wnt8b;plcg2;msn;cd44;flnb;hspg2;wnt8a;hoxd10;fzd6;cav3;cttn;ptpn6;tgfb1;fgfr1;itgav
prerank,Rap1 signaling pathway,0.4397554854841613,1.3164208898011687,0.017276422764227643,0.33362643954343596,1.0,59/193,21.36%,adcy8;calml3;adcy1;f2rl3;fgf21;calml4;src;lpar2;ngf;cnr1;angpt2;pdgfb;adcy2;fgf23;efna4;flt4;fgf7;pgf;lpar3;angpt4;pdgfd;lpar5;ralgds;angpt1;rasgrp2;fgf5;evl;mapk11;id1;thbs1;rapgef3;vasp;lat;grin2b;adcy7;gnai1;pik3cd;mapk13;lpar1;rap1gap;pdgfa;pfn2;mapk3;prkca;vav1;adcy3;itgb3;pdgfrb;plcb2;adora2a;rras;rac2;adcy6;p2ry1;vav3;ralb;grin2a;prkd2;itgb2
prerank,T cell receptor signaling pathway,0.4550272101759547,1.3157637106636648,0.05750798722044728,0.3294878071224809,1.0,29/99,21.30%,pak6;pdcd1;pak3;pak1;ctla4;nck2;csf2;nfkbie;cd8a;cd28;il10;cd247;mapk11;card11;lck;grap2;lat;pik3cd;mapk13;mapk3;cd3g;vav1;tnf;bcl10;nfatc2;vav3;il4;ptprc;cd3d
prerank,Adrenergic signaling in cardiomyocytes,0.4456762360170818,1.3120176573360298,0.05452674897119342,0.33411836622014224,1.0,41/141,18.93%,adcy8;calml3;adcy1;scn5a;calml4;atp1a4;adra1d;adrb2;atp2b2;adcy2;scn1b;actc1;cacng1;ppp2r2b;atp1a2;cacna1c;cacng7;cacnb1;atp1b2;mapk11;rapgef3;cacna2d4;camk2a;adcy7;gnai1;mapk13;myl3;mapk3;prkca;atp1b1;cacna1f;adcy3;tpm4;slc8a1;plcb2;bcl2;pik3cg;cacnb3;camk2b;tpm1;adcy6
prerank,Focal adhesion,0.4390767964897358,1.307345423003763,0.028254288597376387,0.34185260703982284,1.0,60/193,21.23%,pak6;shc2;itga2;spp1;col4a3;lamc3;src;pak3;itga6;pak1;col9a2;lama5;pdgfb;col4a5;lamc2;itgb6;itga3;shc4;col4a1;col4a4;col9a1;parvg;col4a2;flt4;pgf;col6a3;itga8;shc3;lama2;pdgfd;myl12b;col6a6;itga11;itgb8;thbs1;vasp;thbs2;ccnd1;pik3cd;cav2;myl12a;pdgfa;mapk3;prkca;vwf;lamc1;vav1;itgb3;tnr;pdgfrb;bcl2;lamb3;rac2;flna;itgb5;vav3;itgb4;mylk4;col1a1;capn2
prerank,Vascular smooth muscle contraction,0.4496276058674484,1.3029971391242976,0.058885383806519455,0.34770754863665065,1.0,36/120,19.42%,pla2g2e;adcy8;calml3;adcy1;pla2g4f;ramp3;calml4;pla2g5;adra1d;itpr3;adcy2;nppc;cacna1c;edn2;pla2g2a;calcb;pla2g4d;kcnmb2;adcy7;adm;kcnma1;pla2g6;kcnu1;pla2g2c;mapk3;prkca;cacna1f;adcy3;edn1;plcb2;prkcd;adora2a;myh9;prkch;adcy6;myh14
prerank,"Glycine, serine and threonine metabolism",-0.3842949505666019,-1.2955550090224586,0.09740259740259741,0.2644982387768868,0.912,15/38,11.02%,dmgdh;bhmt;agxt;cbs;gcat;alas2;gnmt;amt;cth;srr;pipox;sardh;dld;aldh7a1;shmt1
prerank,Relaxin signaling pathway,0.44089268099305506,1.2926509270264692,0.07531380753138076,0.3704245320539715,1.0,36/121,21.09%,adcy8;adcy1;shc2;mmp13;col4a3;src;nos2;adcy2;col4a5;shc4;col4a1;col4a4;col4a2;shc3;insl3;mapk11;gng2;mmp2;adcy7;gnai1;pik3cd;mapk13;tgfbr2;mapk3;prkca;adcy3;gngt2;gng8;edn1;plcb2;adcy6;arrb1;gnb5;ednrb;arrb2;col1a1
prerank,Chemical carcinogenesis,0.4335340592011985,1.2910754667172644,0.043209876543209874,0.368778871813748,1.0,46/182,17.28%,sult2a1;cacna1b;gsta1;adcy8;adcy1;gstm3;src;mgst3;vdr;adrb2;cbr1;gstm1;adcy2;ugt1a8;ugt1a9;cdc6;ephx1;gstm4;fgf7;gsta4;cacna1c;hpgds;dll4;rps6ka1;ephx4;birc5;fgf5;mgst2;ugt2a1;klf5;ccnd1;adcy7;gnai1;pik3cd;cyp1a1;gstm2;mapk3;cdc25a;prkca;e2f1;cacna1f;adcy3;paqr8;chrna9;ugt1a10;bcl2
prerank,Nicotine addiction,-0.3796560148518721,-1.290250153889252,0.0872093023255814,0.260568479156959,0.923,10/36,8.86%,gabrq;gabrr2;gabra1;grin2c;gabra4;gria1;chrna7;gria2;slc17a7;chrnb2
prerank,NF-kappa B signaling pathway,0.4506932886796031,1.2871141365899605,0.09071504802561366,0.3746637963936538,1.0,30/94,18.58%,cd14;card14;ltb;vcam1;tnfaip3;eda2r;relb;card10;nfkb2;gadd45b;ccl4;blnk;eda;tnfsf13b;card11;lck;traf1;lat;tnfrsf11a;icam1;ccl19;plau;ticam2;cd40;bcl2l1;cxcl3;tnf;bcl2;syk;bcl10
prerank,Drug metabolism,0.45647121116240486,1.2861772632527175,0.10359869138495092,0.3711638372462353,1.0,28/75,20.05%,fmo3;gsta1;gstm3;aldh3a1;mgst3;gstm1;ugt1a8;ugt1a9;fmo4;fmo2;rrm2;aldh3b1;gstm4;gsta4;maoa;hpgds;upp1;mgst2;ugt2a1;gstm2;cda;mpo;gusb;ugt1a10;aox1;impdh1;aldh3b2;fmo1
prerank,Ribosome,-0.31332807430698384,-1.2809646516433801,0.09302325581395349,0.26158285243198676,0.931,72/124,43.42%,mrpl3;mrpl4;rpl36al;rpsa;rps25;rsl24d1;rpl4;mrpl32;rps27l;mrps12;mrpl1;rpl10;rpl22;mrpl36;rpl35a;mrps16;mrpl24;rpl27a;rplp1;rps27;mrpl18;mrps7;mrps5;mrpl9;mrpl35;mrps2;rps7;rpl11;rps3;rps26;mrps21;mrpl20;fau;rps2;mrps18c;mrpl17;rps24;rpl14;rpl13a;rpl34;rps29;rpl22l1;rps17;rpl29;rpl15;rpl28;mrps11;mrpl27;rps23;rps8;mrpl19;rps14;rps20;rpl36a;mrpl10;mrpl12;rpl26;rps15;rpl3l;rpl24;rpl23a;rps6;mrpl22;mrpl34;mrps15;rpl39;uba52;rps4x;rps5;rps11;rpl18a;rpl7a
prerank,Glioma,0.46347580824718393,1.2786242975341868,0.09357997823721437,0.3875133248907059,1.0,19/70,16.89%,calml3;shc2;calml4;cdkn1a;cdkn2a;pdgfb;shc4;gadd45b;shc3;ccnd1;camk2a;pik3cd;pdgfa;mapk3;prkca;e2f1;ddb2;bax;pdgfrb
prerank,Galactose metabolism,0.5203553940203736,1.2759540419872688,0.16149068322981366,0.38947536118523973,1.0,12/27,24.44%,hkdc1;pfkp;hk2;b4galt2;lct;pgm1;galk1;akr1b10;gla;gck;hk1;ugp2
prerank,Pertussis,0.4560903863679104,1.2616905177702515,0.14124293785310735,0.4274600731926581,1.0,19/63,18.21%,calml3;calml4;cd14;nos2;casp1;il12b;il10;il23a;mapk11;gnai1;mapk13;mapk3;c1qa;irf8;ticam2;c1qb;c1qc;tnf;cxcl5
prerank,Ascorbate and aldarate metabolism,0.5534388112867175,1.2613277558086329,0.16778523489932887,0.4221576025275298,1.0,9/18,17.21%,miox;ugt1a8;ugt1a9;aldh1b1;ugt2a1;ugdh;gusb;aldh3a2;ugt1a10
prerank,Pathways in cancer,0.4134954632144262,1.2597883579816573,0.005,0.42062967576766025,1.0,164/487,25.11%,igf2;gsta1;adcy8;calml3;adcy1;epo;wnt7a;gstm3;nqo1;f2rl3;fgf21;cdkn2b;wnt10a;wnt16;alk;itga2;arnt2;col4a3;lamc3;calml4;jag2;cdkn1a;cdkn2a;mgst3;lpar2;itga6;ccna2;gstm1;fzd9;lama5;ccne1;tgfb2;pdgfb;nos2;adcy2;col4a5;lamc2;cxcr4;itga3;col4a1;fgf23;il12b;col4a4;il3ra;gstm4;wnt7b;col4a2;nfkb2;hey1;nkx3-1;bdkrb2;gadd45b;flt4;wnt10b;fgf7;notch4;gsta4;fzd10;pmaip1;il7;pgf;lpar3;dll4;pax8;lama2;lpar5;ralgds;notch3;il23a;ctnna2;birc5;rasgrp2;fgf5;mgst2;gli1;pparg;bcl2l11;gng2;apaf1;traf1;hmox1;mmp2;ccnd1;camk2a;adcy7;gnai1;pik3cd;csf2ra;tgfbr2;lpar1;ifngr1;pdgfa;gstm2;mapk3;csf2rb;prkca;stat4;e2f1;mecom;ddb2;lamc1;bax;adcy3;bcl2l1;gngt2;gng8;edn1;pdgfrb;wnt11;wnt4;plcb2;bcl2;kif7;flt3;il2rg;tgfb3;spi1;il2rb;lamb3;bmp4;camk2b;hes1;rac2;adcy6;epor;gnb5;e2f3;ifngr2;ednrb;ptch2;il4;ralb;wnt8b;plcg2;csf3r;rassf1;ar;dapk2;gnb3;pld2;gstm5;plekhg5;il15;bak1;jag1;cdh1;txnrd1;ccne2;ccnd3;wnt8a;il13;fzd6;traf2;csf1r;slc2a1;bid;apc2;ptgs2;tpr;tgfb1;fgfr1;dvl2;itgav;cdk6
prerank,Steroid hormone biosynthesis,-0.3900621747401328,-1.2591902505107948,0.1488095238095238,0.2825391591096455,0.948,9/35,3.81%,cyp7b1;cyp2e1;hsd3b2;hsd17b2;cyp7a1;cyp1a2;ugt2a3;srd5a1;comt
prerank,Vitamin digestion and absorption,0.5272354190629556,1.2586866600598368,0.1760204081632653,0.4180987230633488,1.0,8/23,12.23%,rbp2;slc19a3;plb1;folh1;slc52a3;apoa4;slc5a6;abcc1
prerank,Amino sugar and nucleotide sugar metabolism,0.4727346922787378,1.2582611815524152,0.17001180637544275,0.41342066060923716,1.0,19/44,24.47%,hkdc1;uap1l1;hk2;chit1;ugdh;pgm1;galk1;hexb;amdhd2;renbp;pmm1;hexa;nagk;cyb5r1;gck;hk1;uxs1;ugp2;pgm3
prerank,Chronic myeloid leukemia,0.4476538135305813,1.256833727438322,0.11846318036286019,0.4120066781474714,1.0,27/75,28.19%,shc2;cdkn1a;cdkn2a;tgfb2;shc4;gadd45b;shc3;ccnd1;pik3cd;tgfbr2;mapk3;e2f1;mecom;ddb2;bax;bcl2l1;tgfb3;gab2;e2f3;bak1;tgfb1;cdk6;e2f2;runx1;abl1;myc;polk
prerank,Salivary secretion,0.4484942853472723,1.2554095748740164,0.13796909492273732,0.4103941510478163,1.0,20/67,17.09%,adcy8;calml3;adcy1;calml4;atp1a4;adra1d;adrb2;atp2b2;itpr3;adcy2;camp;atp1a2;atp1b2;adcy7;kcnma1;prkca;atp1b1;adcy3;kcnn4;plcb2
prerank,Epithelial cell signaling in Helicobacter pylori infection,0.4528555818629437,1.2529954239849215,0.143646408839779,0.41206783023015653,1.0,16/67,21.32%,cxcr1;atp6v1b1;src;pak1;ccl5;hbegf;mapk11;mapk13;f11r;cxcl3;atp6v0d2;atp6v1g2;git1;tcirg1;atp6v0e2;plcg2
prerank,Hippo signaling pathway,0.42555528276833204,1.252302311846144,0.08856848609680741,0.40842424784851966,1.0,50/153,25.52%,areg;afp;serpine1;wnt7a;bmp8b;wnt10a;wnt16;pak1;fzd9;tead4;tgfb2;ppp2r2b;wnt7b;dlg2;wnt10b;fzd10;csnk1e;ctnna2;birc5;ajuba;ywhah;id1;ccnd1;tgfbr2;dchs1;wnt11;wnt4;amot;tgfb3;bmp6;bmp4;nkd2;wtip;wnt8b;itgb2;rassf1;tead1;cdh1;ccnd3;wnt8a;fzd6;ywhag;scrib;wwtr1;rassf6;apc2;tgfb1;dvl2;dlg4;ywhaz
prerank,Bacterial invasion of epithelial cells,0.45466990323063405,1.2506753882959154,0.13398692810457516,0.40747922671912734,1.0,26/66,31.31%,shc2;src;shc4;arpc1b;shc3;ctnna2;elmo1;dnm3;hcls1;pik3cd;cav2;arhgap10;rhog;cd2ap;actr3;cdh1;cav3;cttn;arpc2;itga5;arpc5;elmo2;pik3r3;actb;arpc3;pxn
prerank,Breast cancer,0.4217182811739576,1.241820464483287,0.10858324715615306,0.42893555412410656,1.0,32/137,16.95%,wnt7a;shc2;fgf21;wnt10a;wnt16;jag2;cdkn1a;fzd9;shc4;fgf23;brca1;wnt7b;nfkb2;hey1;gadd45b;flt4;wnt10b;fgf7;notch4;fzd10;dll4;shc3;notch3;fgf5;ccnd1;pik3cd;mapk3;e2f1;ddb2;bax;wnt11;wnt4
prerank,VEGF signaling pathway,0.4540397804626883,1.2407686389452464,0.15812917594654788,0.4263741990478174,1.0,16/57,22.49%,shc2;pla2g4f;src;sphk1;mapk11;pla2g4d;pik3cd;mapk13;mapk3;sh2d2a;prkca;nfatc2;rac2;pla2g4c;plcg2;nos3
prerank,Fructose and mannose metabolism,0.4976236468264812,1.2390152420969838,0.19283065512978986,0.4261005140070199,1.0,10/29,19.99%,hkdc1;pfkp;hk2;pfkfb4;fbp2;pmm1;pfkfb3;akr1b10;pfkfb2;aldoa
prerank,Aldosterone synthesis and secretion,0.43413979736224445,1.2381363105201577,0.13660618996798293,0.42366402163218214,1.0,22/90,18.93%,adcy8;calml3;adcy1;calml4;atp1a4;atp2b2;cacna1h;itpr3;adcy2;atp1a2;cacna1c;hsd3b1;atp1b2;camk2a;adcy7;prkca;atp1b1;cacna1f;adcy3;plcb2;camk2b;adcy6
prerank,"Growth hormone synthesis, secretion and action",0.42253798063707804,1.234300552860334,0.10729166666666666,0.43016308810904685,1.0,25/113,17.37%,adcy8;adcy1;shc2;itpr3;sstr3;adcy2;igfbp3;shc4;sstr2;ghrhr;sstr1;sstr5;cacna1c;shc3;mapk11;adcy7;gnai1;pik3cd;mapk13;mapk3;prkca;cacna1f;adcy3;plcb2;ghrh
prerank,MAPK signaling pathway,0.4087567671713412,1.2294788295352232,0.05864509605662285,0.43845937241188915,1.0,68/274,19.20%,areg;igf2;cacna1b;fgf21;pla2g4f;map3k6;ngf;pak1;dusp9;cd14;angpt2;ntrk2;cacna1h;tgfb2;pdgfb;fgf23;mapt;dusp4;dusp5;efna4;map4k4;relb;cacng1;stmn1;nfkb2;gadd45b;cdc25b;flt4;fgf7;mapk7;cacna1c;pgf;ptpn5;angpt4;rps6ka1;cacng7;pdgfd;dusp2;angpt1;rasgrp2;fgf5;cacnb1;dusp8;mapk11;pla2g4d;cacna2d4;mapk13;tgfbr2;pdgfa;mapk3;prkca;map4k1;mecom;cacna1f;ddit3;ptpn7;pdgfrb;tnf;flt3;tgfb3;dusp6;rras;rps6ka4;cacnb3;ntf3;rac2;flna;arrb1
prerank,Malaria,0.4695185062242639,1.2284235648047972,0.18192488262910797,0.4362134767508836,1.0,18/43,17.75%,klrb1;tgfb2;cd36;vcam1;sele;ccl2;gypa;il10;tlr9;thbs1;thbs2;ackr1;tlr2;icam1;cd40;pecam1;tnf;tgfb3
prerank,Glycerophospholipid metabolism,0.42888311195720163,1.2266916876750826,0.14882226980728053,0.43584735168231414,1.0,35/91,26.33%,pla2g2e;pla2g4f;pla2g5;plb1;lpcat4;plpp2;pcyt1b;lpin3;pla2g2a;lpcat2;dgkd;mboat2;pla2g4d;pla2g6;pla2g2c;pld3;dgkz;agpat1;pld4;mboat1;pgs1;lpin1;dgkg;pla2g4c;pld2;cds1;pla2g10;lpcat1;plpp5;chka;pla2g3;lpin2;dgke;pla1a;pisd
prerank,Apelin signaling pathway,0.4172941829079218,1.2259592839267617,0.12656903765690378,0.43275334521115655,1.0,40/127,23.03%,serpine1;adcy8;calml3;adcy1;apln;spp1;calml4;plat;aplnr;itpr3;nos2;adcy2;sphk1;notch3;gng2;ccnd1;adcy7;gnai1;myl3;mapk3;prkab1;adcy3;slc8a1;gngt2;gng8;plcb2;pik3cg;rras;adcy6;gnb5;pik3r5;mylk4;prkab2;adcy10;pik3r6;gnb3;nos3;myl4;jag1;cdh1
prerank,GnRH secretion,0.4464744706127946,1.224024900368006,0.1750278706800446,0.4329567454109646,1.0,21/62,19.20%,spp1;cga;cacna1h;itpr3;hcn2;kcnj9;kiss1;cacna1c;gnrh1;trpc5;hcn3;pik3cd;kcnn3;mapk3;prkca;cacna1f;kcnn4;gabbr1;plcb2;lhb;arrb1
prerank,DNA replication,0.48295439936811024,1.222361871507019,0.20793269230769232,0.43274665338666984,1.0,22/35,35.48%,mcm6;lig1;pold4;mcm2;mcm5;mcm3;rnaseh2b;pole;mcm4;rfc3;pole2;fen1;mcm7;rpa2;pcna;rfc2;pola1;pold3;pold1;rnaseh2a;prim2;prim1
prerank,Gastric cancer,0.4145496156712032,1.2218992066067078,0.11538461538461539,0.4291958799951207,1.0,32/138,17.75%,cdh17;wnt7a;shc2;fgf21;cdkn2b;wnt10a;wnt16;cdkn1a;fzd9;ccne1;tgfb2;shc4;fgf23;wnt7b;gadd45b;wnt10b;fgf7;fzd10;shc3;ctnna2;fgf5;ccnd1;pik3cd;tgfbr2;mapk3;e2f1;ddb2;bax;wnt11;wnt4;bcl2;tgfb3
prerank,Oxytocin signaling pathway,0.414523017818306,1.2191144165963155,0.1189245087900724,0.4318699764868647,1.0,43/142,22.49%,kcnj14;adcy8;calml3;adcy1;pla2g4f;calml4;cdkn1a;src;itpr3;adcy2;rgs2;kcnj2;cacng1;kcnj9;mapk7;cacna1c;cacng7;cacnb1;pla2g4d;cacna2d4;oxtr;ccnd1;camk2a;adcy7;gnai1;mapk3;prkca;prkab1;cacna1f;adcy3;plcb2;pik3cg;cacnb3;camk2b;nfatc2;adcy6;pik3r5;mylk4;prkab2;pla2g4c;pik3r6;cacna2d1;nos3
prerank,Long-term potentiation,0.43845127323721667,1.2176833669005631,0.1662971175166297,0.43187172172632743,1.0,12/62,14.85%,adcy8;calml3;adcy1;calml4;itpr3;cacna1c;rps6ka1;rapgef3;grin2b;camk2a;mapk3;prkca
prerank,Mucin type O-glycan biosynthesis,0.4810191016947799,1.2144807560274402,0.20638820638820637,0.4367776682937623,1.0,14/32,22.17%,galnt9;st6galnac2;galnt12;st3gal2;galnt6;galnt18;b4galt5;galnt13;galnt10;galnt3;galnt15;st6galnac4;gcnt1;galnt5
prerank,Pathogenic Escherichia coli infection,0.4062025022840264,1.21445944917593,0.10429447852760736,0.4320037626657669,1.0,59/177,25.76%,cldn7;cldn4;tubb2b;cldn23;src;lpar2;pak3;pak1;tuba8;tubb3;nck2;cldn6;casp4;casp1;arhgef2;arpc1b;lpar5;tnfrsf10b;cldn11;tubb6;mapk11;cyth4;myo5c;hcls1;tuba1a;mapk13;lpar1;tubb2a;mapk3;myo1f;bax;tuba1b;myo1g;nckap1l;tnf;cyth3;myh9;cldn8;myo1c;myo5a;myh14;wipf3;baiap2;cldn22;actr3;myo10;cldn14;bak1;cldn24;traf2;cttn;nlrp3;ptpn6;baiap2l1;arpc2;irak4;wasf3;tubb4b;myh10
prerank,Neurotrophin signaling pathway,0.41696309915344293,1.209624133447671,0.1472457627118644,0.4412249202899796,1.0,25/109,21.32%,calml3;shc2;calml4;ngf;ntrk2;shc4;mapk7;nfkbie;rps6ka1;shc3;matk;mapk11;irak3;camk2a;pik3cd;mapk13;mapk3;bax;bcl2;prkcd;camk2b;ntf3;arhgdia;arhgdib;plcg2
prerank,cGMP-PKG signaling pathway,0.40861664213033194,1.207971732396698,0.1197110423116615,0.4412991866080395,1.0,34/153,17.32%,adcy8;calml3;adcy1;calml4;atp1a4;adra1d;adrb2;atp2b2;itpr3;adcy2;rgs2;adra2a;adora1;kcnj8;bdkrb2;atp1a2;nppc;slc25a4;cacna1c;trpc6;atp1b2;vasp;kcnmb2;adcy7;gnai1;kcnma1;kcnu1;mapk3;atp1b1;cacna1f;adcy3;slc8a1;plcb2;pik3cg
prerank,Toxoplasmosis,0.41846062261408257,1.2073330155142525,0.16090712742980562,0.4383259963329841,1.0,31/94,21.94%,lamc3;itga6;lama5;tgfb2;nos2;lamc2;il12b;alox5;ciita;lama2;il10;mapk11;gnai1;mapk13;tlr2;il10ra;ifngr1;mapk3;lamc1;cd40;bcl2l1;tnf;il10rb;bcl2;pik3cg;tgfb3;lamb3;ifngr2;pik3r5;pik3r6;ly96
prerank,Cysteine and methionine metabolism,-0.34220154726188706,-1.2012996760776267,0.17518248175182483,0.3697634599530725,0.976,16/46,13.33%,bhmt;cbs;ahcyl2;ahcy;bcat1;tat;ldhal6b;bcat2;bhmt2;cth;mdh1;cdo1;mpst;adi1;mat1a;ldha
prerank,Renin secretion,0.43848987412162,1.1965489093803539,0.20588235294117646,0.46633716365572914,1.0,16/59,17.09%,calml3;calml4;clca2;adrb2;itpr3;kcnj2;adora1;ace;cacna1c;pde1c;edn2;gnai1;kcnma1;cacna1f;edn1;plcb2
prerank,Neutrophil extracellular trap formation,0.4149661238058848,1.1955104423910772,0.149895178197065,0.4644757232180478,1.0,30/97,21.36%,src;cybb;camp;casp4;casp1;ctsg;slc25a4;clec7a;ager;mapk11;tlr7;pik3cd;ncf4;mapk13;tlr2;hdac7;mapk3;prkca;vwf;selplg;itgb3;mpo;plcb2;cyba;syk;rac2;ncf2;tlr8;plcg2;itgb2
prerank,Amoebiasis,0.42100822186260034,1.1951874767663007,0.1745182012847966,0.46068594521640444,1.0,28/88,18.14%,adcy1;arg2;col4a3;lamc3;cd14;lama5;tgfb2;nos2;col4a5;lamc2;il1r2;col4a1;il12b;csf2;col4a4;ctsg;col4a2;lama2;il10;pik3cd;tlr2;prkca;lamc1;plcb2;cxcl3;tnf;tgfb3;lamb3
prerank,"Parathyroid hormone synthesis, secretion and action",0.4122691672417759,1.1879598827215228,0.18308351177730192,0.478775219405388,1.0,23/99,19.20%,pthlh;adcy8;adcy1;mmp13;mmp24;cdkn1a;vdr;itpr3;adcy2;fgf23;pde4d;hbegf;adcy7;gnai1;mapk3;prkca;adcy3;mmp14;plcb2;bcl2;mmp15;adcy6;arrb1
prerank,Insulin secretion,0.4160729760380203,1.185374849560888,0.21297297297297296,0.48153402080442004,1.0,26/83,18.93%,adcy8;rims2;adcy1;atp1a4;cck;itpr3;adcy2;atp1a2;trpm4;cacna1c;stx1a;atp1b2;kcnmb2;camk2a;adcy7;kcnma1;kcnu1;kcnn3;prkca;atp1b1;cacna1f;adcy3;kcnn4;plcb2;camk2b;adcy6
prerank,Proteasome,-0.3457261774983813,-1.1788528934508602,0.15441176470588236,0.4022350462581295,0.98,32/45,41.05%,psma4;psma3;psmd6;psme4;psmc1;psmc6;psma6;psmd11;psmb11;psma5;psma1;psma2;psmd2;psmd13;psmb3;psmc4;psmb2;psmd4;psmb4;psmc2;psmc5;psmb7;psma8;psmb6;psmc3;adrm1;psmd12;psmd3;psmf1;pomp;psme3;psmd9
prerank,Viral carcinogenesis,0.39944894095480443,1.1785977425443301,0.15724563206577596,0.49749966769935483,1.0,40/153,25.52%,cdkn2b;cdkn1a;cdc20;src;cdkn2a;cdk1;ccna2;ccne1;ccr3;egr2;nfkb2;pmaip1;pkm;ccr8;chek1;egr3;ywhah;gsn;rbl1;traf1;ccnd1;pik3cd;hdac7;mapk3;bax;ccr4;syk;atp6v0d2;irf7;bak1;rasa2;ccne2;ccnd3;traf2;ywhag;scrib;actn1;c3;cdk6;ywhaz
prerank,MicroRNAs in cancer,0.4036207003816801,1.175750685716399,0.15816326530612246,0.5012007729824238,1.0,60/156,26.58%,st14;cdkn1a;cdca5;cdc25c;cdkn2a;sox4;ccne1;tgfb2;pdgfb;ddit4;shc4;brca1;efna4;stmn1;cdc25b;notch4;mapk7;notch3;kif23;serpinb5;bcl2l11;abcc1;thbs1;hmox1;ccnd1;pik3cd;pdgfa;mapk3;cdc25a;prkca;plau;fscn1;e2f1;timp3;itgb3;gls;tnr;pdgfrb;bcl2;tpm1;e2f3;vim;trim71;igf2bp1;plcg2;rassf1;cd44;tnc;bak1;ccne2;hoxd10;apc2;ptgs2;cdk6;spry2;marcks;slc45a3;itga5;prkcb;e2f2
prerank,Arrhythmogenic right ventricular cardiomyopathy,0.42812211329133154,1.1749166071296528,0.22077922077922077,0.49881368517821695,1.0,33/76,27.61%,itga2;itga6;itgb6;itga3;cacng1;cacna1c;itga8;lama2;cacng7;ctnna2;cacnb1;itga11;itgb8;cacna2d4;cacna1f;itgb3;slc8a1;cacnb3;itgb5;itgb4;lmna;cacna2d1;sgca;gja1;itgav;dsc2;dsp;itga5;cacng8;itga4;atp2a3;itgb7;lef1
prerank,Protein processing in endoplasmic reticulum,-0.26782956071113706,-1.173548302813547,0.07142857142857142,0.39974090213166885,0.981,61/151,29.86%,hyou1;svip;hsph1;syvn1;dnaja1;sel1l;xbp1;hsp90b1;lman2;sec63;dnajb11;os9;edem1;sar1b;hsp90aa1;sec24a;ganab;dnajc3;ngly1;pdia6;lman1;rpn1;mogs;stt3a;hspa5;ubxn2a;calr;sec62;fbxo2;ubqln1;ssr1;ube2d3;rad23b;sec24d;ube4b;sec23b;cul1;atxn3;ssr4;sec23a;pdia4;hspa1a;sec61b;wfs1;pdia3;sec61a1;amfr;ubxn1;sec61g;canx;ube2j2;sec24c;sar1a;txndc5;vcp;mapk8;eif2ak1;rnf5;derl2;ssr2;eif2s1
prerank,Complement and coagulation cascades,-0.2967618331416849,-1.1725785207593458,0.09722222222222222,0.3881399778264207,0.981,23/74,11.52%,cfd;c8b;serpinb2;c8a;c9;klkb1;c6;fgg;cfhr3;c8g;fgb;masp2;fga;cfhr1;bdkrb1;plg;serping1;proc;f7;vtn;masp1;f8;f9
prerank,Bladder cancer,0.4529210833459054,1.1700826075162005,0.25029797377830754,0.5087782583356338,1.0,14/38,23.03%,cdkn1a;src;cdkn2a;hbegf;thbs1;mmp2;ccnd1;upk3a;mapk3;e2f1;e2f3;rassf1;dapk2;cdh1
prerank,PI3K-Akt signaling pathway,0.38570848527097695,1.1682475048796088,0.10721442885771543,0.5092265261980468,1.0,82/313,18.69%,areg;igf2;epo;fgf21;itga2;spp1;col4a3;lamc3;cdkn1a;lpar2;itga6;ngf;angpt2;ntrk2;col9a2;lama5;ccne1;pdgfb;col4a5;lamc2;itgb6;ddit4;itga3;col4a1;fgf23;col4a4;brca1;col9a1;il3ra;efna4;ppp2r2b;col4a2;flt4;osm;fgf7;pkn3;il7;pgf;lpar3;col6a3;angpt4;itga8;lama2;pdgfd;lpar5;chrm2;angpt1;col6a6;fgf5;itga11;ywhah;bcl2l11;itgb8;gng2;pck2;thbs1;osmr;thbs2;ccnd1;pik3cd;tlr2;lpar1;pdgfa;mapk3;prkca;pik3ap1;vwf;lamc1;itgb3;tnr;bcl2l1;gngt2;gng8;pdgfrb;bcl2;pik3cg;flt3;il2rg;il2rb;lamb3;syk;ntf3
prerank,TNF signaling pathway,0.4055591116855187,1.161347784686636,0.20696937697993664,0.5262139434137225,1.0,24/106,18.21%,ccl20;lif;cx3cl1;vcam1;sele;mlkl;tnfaip3;csf2;ccl2;ccl5;mapk11;traf1;pik3cd;mapk13;mapk3;icam1;cxcl10;dab2ip;edn1;mmp14;cxcl3;tnf;rps6ka4;cxcl5
prerank,Oxidative phosphorylation,-0.29378917350180744,-1.160539417160359,0.14545454545454545,0.40019785655399837,0.985,56/98,32.73%,lhpp;cox7b2;atp6v0a4;sdha;cox5a;atp4a;uqcrb;cox7a2;ndufs4;ndufb5;sdhd;ndufa5;ndufb11;uqcrc1;uqcrc2;uqcrh;cox7b;ndufs7;ndufc2;sdhb;ndufa3;uqcrfs1;ndufb2;ndufab1;ndufb8;uqcr11;ndufb10;ndufa9;cox7c;ndufa12;cox11;ndufs8;uqcrq;ndufb6;ndufs6;cox6b1;ppa1;ppa2;cox7a1;ndufs5;ndufb4;ndufa1;ndufc1;cox4i1;ndufv2;ndufa13;ndufv1;ndufa6;atp6v0d1;ndufb7;atp6v1g3;cox10;cyc1;ndufs3;cox8a;ndufv3
prerank,Hypertrophic cardiomyopathy,0.41217344285764107,1.1593802142464698,0.21914893617021278,0.5272765866077728,1.0,41/89,27.32%,itga2;itga6;tgfb2;itgb6;itga3;mybpc3;actc1;cacng1;ace;cacna1c;itga8;lama2;cacng7;cacnb1;itga11;itgb8;cacna2d4;myl3;prkab1;cacna1f;tpm4;itgb3;slc8a1;edn1;tnf;tgfb3;cacnb3;tpm1;itgb5;itgb4;prkab2;lmna;cacna2d1;sgca;tgfb1;itgav;itga5;cacng8;itga4;atp2a3;itgb7
prerank,Systemic lupus erythematosus,-0.3639894916124944,-1.1580549706412733,0.24193548387096775,0.3922027497806026,0.985,6/31,4.83%,c8b;c8a;c9;cd40lg;c6;c8g
prerank,Mineral absorption,0.4318917494431364,1.1547353582747415,0.2715765247410817,0.5369579703828972,1.0,16/47,17.73%,slc5a1;slc6a19;atp1a4;vdr;s100g;slc39a4;atp2b2;steap2;heph;atp1a2;atp1b2;hmox1;hephl1;atp1b1;slc8a1;slc26a6
prerank,Linoleic acid metabolism,0.4956887649755435,1.1511472821882058,0.29697766097240474,0.5432449609509713,1.0,8/21,14.23%,pla2g2e;pla2g4f;pla2g5;plb1;pla2g2a;pla2g4d;pla2g6;pla2g2c
prerank,Pantothenate and CoA biosynthesis,-0.3977628820512927,-1.1469257623388904,0.2637795275590551,0.4036892003297609,0.987,6/19,8.11%,dpyd;bcat1;pank1;bcat2;aasdhppt;upb1
prerank,Autoimmune thyroid disease,0.4942543113934259,1.1467062344489063,0.3046272493573265,0.5520713406882543,1.0,10/21,20.47%,tg;ctla4;cga;prf1;cd28;il10;cd40;gzmb;cd86;il4
prerank,Olfactory transduction,0.44907116840276234,1.1428598031666397,0.2857142857142857,0.5591585331569443,1.0,12/34,21.07%,calml3;calml4;rgs2;pde1c;ano2;cnga4;camk2a;adcy3;slc8a1;camk2b;arrb1;arrb2
prerank,HIF-1 signaling pathway,0.39406482309108015,1.1374291723819843,0.24416135881104034,0.5716801325112727,1.0,24/102,19.99%,serpine1;epo;hkdc1;cdkn1a;angpt2;nos2;cybb;pfkp;hk2;angpt4;angpt1;hmox1;camk2a;pik3cd;ifngr1;mapk3;prkca;tfrc;pfkfb3;edn1;bcl2;camk2b;ifngr2;aldoa
prerank,Toll-like receptor signaling pathway,0.4011998682173547,1.1369457909752334,0.26429341963322545,0.568046577911306,1.0,26/88,22.04%,spp1;tlr1;cd14;ctsk;il12b;ccl5;tlr6;ccl4;cxcl9;tlr9;mapk11;ccl3;tlr7;pik3cd;mapk13;tlr2;mapk3;ticam2;cxcl10;cd40;tnf;irf7;cd86;tlr8;ly96;ikbke
prerank,Glycosphingolipid biosynthesis,0.43681933524682653,1.1361695483289167,0.30419161676646705,0.5655436511588163,1.0,18/42,24.15%,a4galt;fut7;b3gnt4;st3gal2;fut4;b4galt2;a3galt2;hexb;st8sia5;fut2;hexa;gbgt1;st3gal5;st6galnac4;gla;b3galt4;b4galt3;b3galnt1
prerank,Melanoma,0.41445632770679364,1.136159382213328,0.26952695269526955,0.5605467230089309,1.0,17/65,16.89%,fgf21;cdkn1a;cdkn2a;pdgfb;fgf23;gadd45b;fgf7;pdgfd;fgf5;ccnd1;pik3cd;pdgfa;mapk3;e2f1;ddb2;bax;pdgfrb
prerank,Allograft rejection,0.5128361672867997,1.135172195240767,0.328804347826087,0.5586848320765104,1.0,9/16,20.47%,il12b;prf1;cd28;il10;cd40;tnf;gzmb;cd86;il4
prerank,Adipocytokine signaling pathway,-0.2998411891245094,-1.1306860024803413,0.20481927710843373,0.4285692872667316,0.991,12/68,9.14%,acsl6;adipoq;lep;acsl1;g6pc2;pomc;adipor2;socs3;acacb;prkag3;acsbg2;pck1
prerank,Cholinergic synapse,0.38977852526341095,1.1292873358655493,0.2608695652173913,0.5724011986828891,1.0,32/106,23.49%,kcnj14;cacna1b;adcy8;adcy1;itpr3;adcy2;kcnj2;cacna1c;chrm2;gng2;camk2a;adcy7;gnai1;pik3cd;mapk3;prkca;cacna1f;adcy3;gngt2;gng8;plcb2;bcl2;pik3cg;camk2b;adcy6;gnb5;pik3r5;pik3r6;gnb3;kcnq1;kcnj4;chrm4
prerank,Collecting duct acid secretion,0.46457792669729725,1.128498937232801,0.3029525032092426,0.5698395331643095,1.0,7/24,20.74%,atp6v1b1;slc4a1;atp4b;atp6v0d2;atp6v1g2;tcirg1;atp6v0e2
prerank,African trypanosomiasis,0.45480781188589947,1.1283385123508733,0.3132832080200501,0.5654030747837686,1.0,10/30,17.13%,f2rl1;vcam1;sele;il12b;il10;tlr9;icam1;prkca;plcb2;tnf
prerank,Human papillomavirus infection,0.3706559620296465,1.1219119885046394,0.19979919678714858,0.5813181565086649,1.0,84/296,25.11%,wnt7a;atp6v1b1;wnt10a;wnt16;itga2;spp1;col4a3;lamc3;cdkn1a;itga6;ccna2;col9a2;fzd9;lama5;ccne1;col4a5;lamc2;itgb6;itga3;col4a1;col4a4;col9a1;ppp2r2b;wnt7b;col4a2;hey1;dlg2;wnt10b;notch4;fzd10;mx1;col6a3;itga8;lama2;pkm;notch3;col6a6;itga11;itgb8;thbs1;rbl1;thbs2;ccnd1;pik3cd;mapk3;e2f1;vwf;lamc1;bax;itgb3;tnr;pdgfrb;wnt11;wnt4;tnf;mfng;lamb3;hes1;atp6v0d2;atp6v1g2;itgb5;tcirg1;atp6v0e2;itgb4;col1a1;wnt8b;ikbke;tnc;bak1;jag1;ccne2;ccnd3;wnt8a;fzd6;thbs3;scrib;apc2;ptgs2;ppp2r5b;lfng;dvl2;itgav;atp6v1c1;cdk6
prerank,Tyrosine metabolism,-0.3451535886720824,-1.1167641925089615,0.33505154639175255,0.44913437757625724,0.994,11/30,8.02%,dct;adh4;tpo;hpd;gstz1;comt;fah;tat;adh7;hgd;adh5
prerank,Hedgehog signaling pathway,-0.31278032972410114,-1.1164254609659456,0.25210084033613445,0.43686727122835944,0.994,6/50,6.53%,hhip;gas1;lrp2;cdon;gli2;scube2
prerank,Circadian entrainment,0.38988628729198144,1.1155390894938761,0.29978354978354976,0.5967411939469816,1.0,26/88,19.40%,adcy8;calml3;adcy1;calml4;cacna1h;itpr3;adcy2;rasd1;gria3;kcnj9;cacna1c;per1;gng2;grin2b;camk2a;adcy7;gnai1;mapk3;prkca;adcy3;gngt2;gng8;plcb2;camk2b;adcy6;gnb5
prerank,Thyroid hormone synthesis,0.39497920932796454,1.113262878533779,0.31515812431842966,0.5989613202049017,1.0,18/73,17.09%,gpx2;adcy8;adcy1;tg;atp1a4;cga;itpr3;adcy2;gpx7;atp1a2;pax8;atp1b2;adcy7;prkca;atp1b1;adcy3;gpx3;plcb2
prerank,Calcium signaling pathway,0.3726386885194555,1.1122955727112829,0.23084677419354838,0.5974638814760284,1.0,55/223,19.18%,cacna1b;adcy8;calml3;adcy1;gdnf;fgf21;calml4;adra1d;ngf;adrb2;ntrk2;atp2b2;cacna1h;itpr3;ptgfr;pdgfb;p2rx2;nos2;adcy2;cxcr4;sphk1;fgf23;plcd3;bdkrb2;flt4;fgf7;slc25a4;cacna1c;pde1c;htr7;tacr3;casq2;pdgfd;chrm2;hrh1;fgf5;p2rx7;oxtr;camk2a;adcy7;pdgfa;prkca;cacna1f;adcy3;slc8a1;p2rx5;pdgfrb;plcb2;tpcn2;adora2a;orai2;mst1r;camk2b;cysltr1;itpkc
prerank,Cortisol synthesis and secretion,0.407075941030591,1.1120628192708424,0.30708661417322836,0.5932894746766795,1.0,13/60,17.09%,adcy8;adcy1;nr5a1;cacna1h;itpr3;adcy2;cacna1c;hsd3b1;kcna4;adcy7;cacna1f;adcy3;plcb2
prerank,Pentose phosphate pathway,0.4504409114003559,1.1071975914838241,0.3553615960099751,0.6035294144052143,1.0,9/27,19.99%,tktl2;pfkp;tktl1;pgd;fbp2;pgm1;tkt;rpia;aldoa
prerank,Histidine metabolism,0.4668039396824319,1.1055650059460354,0.341688654353562,0.6038057213760513,1.0,10/22,22.91%,aoc1;aldh3a1;aldh3b1;maoa;aldh1b1;aldh3a2;cndp1;aldh3b2;hdc;carns1
prerank,Human immunodeficiency virus 1 infection,0.3679457351503651,1.09704277621418,0.2874493927125506,0.625734013067084,1.0,48/174,25.11%,pak6;calml3;ccnb1;ccnb2;calml4;cdc25c;cdk1;pak3;pak1;itpr3;cxcr4;limk1;wee1;cd247;chek1;mapk11;gng2;gnai1;pik3cd;mapk13;tlr2;mapk3;prkca;cd3g;bax;limk2;bcl2l1;ap1s2;gngt2;gng8;ap1s1;tnf;bcl2;nfatc2;rac2;gnb5;ap1g2;tap2;cd3d;plcg2;gnb3;cd3e;bak1;traf2;tapbp;bid;irak4;bst2
prerank,Vibrio cholerae infection,0.4131876912905125,1.0953532752676327,0.34727061556329847,0.6261973266960844,1.0,13/46,25.09%,cftr;atp6v1b1;kdelr3;prkca;adcy3;atp6v0d2;tjp2;atp6v1g2;tcirg1;atp6v0e2;plcg2;kcnq1;atp6v1c1
prerank,Lipid and atherosclerosis,0.3652800320324783,1.0938474872345565,0.2865853658536585,0.6259379222945434,1.0,45/184,18.94%,calml3;calml4;src;cd14;cybb;cd36;vcam1;sele;apoa4;casp1;il12b;ccl2;ccl5;tlr6;tnfrsf10b;abcg1;ager;mapk11;pparg;ccl3;vldlr;apaf1;camk2a;pik3cd;ncf4;mapk13;tlr2;cyp1a1;mapk3;icam1;prkca;ticam2;vav1;cd40;bax;bcl2l1;ddit3;plcb2;cxcl3;tnf;cyba;bcl2;camk2b;nfatc2;ncf2
prerank,Taste transduction,-0.2977698025597708,-1.0863666517088377,0.2682926829268293,0.4942017037647706,0.995,12/51,6.72%,gng13;gabra1;gnat3;scnn1a;p2ry4;gabra4;asic2;htr3a;grm4;hcn4;calhm1;gabbr2
prerank,Sphingolipid signaling pathway,0.3702066144187245,1.0823436828738722,0.34536082474226804,0.6570683031195362,1.0,41/116,27.77%,sphk1;adora1;ppp2r2b;bdkrb2;fcer1a;degs2;acer2;cers3;sgpp2;cers6;s1pr3;mapk11;abcc1;s1pr2;fcer1g;gnai1;pik3cd;mapk13;mapk3;prkca;bax;plcb2;tnf;bcl2;gab2;sptlc2;rac2;ms4a2;pld2;nos3;traf2;asah1;bid;ctsd;ppp2r5b;degs1;prkcb;rock2;s1pr4;cers5;gnai2
prerank,Transcriptional misregulation in cancer,0.3642348536099982,1.0728727185858604,0.3364293085655315,0.682440473005893,1.0,34/154,18.02%,etv4;prom1;wnt16;arnt2;cdkn1a;plat;ccna2;cd14;il1r2;igfbp3;gria3;baiap3;csf2;gadd45b;tmprss2;pax8;cdkn2c;pparg;spint1;mllt3;traf1;tgfbr2;pdgfa;plau;ddb2;cd40;bax;mpo;bcl2l1;ddit3;flt3;dusp6;spi1;il2rb
prerank,Homologous recombination,0.42376462748534693,1.0695186444846927,0.4014423076923077,0.6881542567122765,1.0,7/36,13.66%,rad54b;bard1;rad51b;brca1;pold4;rbbp8;eme1
prerank,Salmonella infection,0.35258733926859814,1.0651835981122773,0.3587939698492462,0.6964463179722629,1.0,70/228,27.67%,kif5c;tubb2b;klc3;pak3;pak1;cd14;tuba8;tubb3;anxa2;mlkl;dync1i1;casp4;casp1;dync2li1;tlr6;arpc1b;tlr9;tnfrsf10b;ahnak2;tubb6;myl12b;elmo1;mapk11;cyth4;tuba1a;pik3cd;mapk13;tlr2;myl12a;pfn2;arl8a;tubb2a;mapk3;bax;tuba1b;rhoh;nckap1l;tnf;bcl2;pik3cg;cyth3;rras;dynll1;rhog;flna;nlrc4;acbd3;ptprc;fhod1;ripk3;ly96;flnb;actr3;bak1;myl10;traf2;nlrp3;arpc2;podxl;irak4;wasf3;tubb4b;rhob;plekhm2;tab1;rock2;arpc5;lef1;myc;birc3
prerank,IL-17 signaling pathway,0.375194040649078,1.0649881094950335,0.3609022556390977,0.6918652802061287,1.0,27/86,25.37%,ccl20;mmp13;ccl17;lcn2;tnfaip3;csf2;ccl2;fosl1;mapk7;il17d;mapk11;mapk13;mapk3;cxcl10;ccl7;cxcl3;tnf;ccl11;cxcl5;il4;s100a8;ikbke;il13;traf2;ptgs2;s100a9;csf3
prerank,Osteoclast differentiation,0.3660865843934247,1.0627056184205517,0.37553191489361704,0.6940975333336562,1.0,37/108,24.82%,fhl2;tgfb2;ctsk;relb;nfkb2;fosl1;sirpa;blnk;mapk11;pparg;lck;pik3cd;ncf4;mapk13;tnfrsf11a;tgfbr2;ifngr1;mapk3;itgb3;tnf;cyba;tyrobp;gab2;spi1;syk;nfatc2;ncf2;ifngr2;plcg2;btk;sqstm1;fosl2;ncf1;traf2;csf1r;trem2;tgfb1
prerank,cAMP signaling pathway,0.3531079621054021,1.0608294941543663,0.3546099290780142,0.6949337237617929,1.0,50/201,18.93%,adcy8;calml3;adcy1;abcc4;cftr;cngb3;calml4;atp1a4;hcar2;pak1;cga;adrb2;atp2b2;adcy2;gria3;adora1;hcn2;sstr2;sstr1;atp1a2;pde4d;sstr5;cacna1c;edn2;pde10a;chrm2;gli1;atp1b2;cnga4;rapgef3;grin2b;oxtr;camk2a;adcy7;gnai1;pik3cd;npy;mapk3;atp1b1;vav1;cacna1f;adcy3;gabbr1;edn1;adora2a;rras;lhb;camk2b;rac2;adcy6
prerank,Necroptosis,0.3648216046882917,1.0552423414219247,0.39664218258132217,0.7067370939541732,1.0,30/113,24.60%,pla2g4f;pygb;cybb;mlkl;chmp4c;tnfaip3;casp1;slc25a4;tnfrsf10b;zbp1;pla2g4d;camk2a;ifngr1;stat4;ticam2;bax;tnf;bcl2;chmp6;camk2b;fth1;ifngr2;capn2;pla2g4c;ripk3;sqstm1;traf2;nlrp3;bid;chmp4b
prerank,Biosynthesis of unsaturated fatty acids,-0.35483745445591647,-1.0529172301535028,0.37,0.5706824714244335,0.998,3/24,2.78%,elovl3;scp2;baat
prerank,Human cytomegalovirus infection,0.3513770382544221,1.0514028366426191,0.3898989898989899,0.7138540860348925,1.0,41/192,19.85%,adcy8;calml3;adcy1;calml4;cdkn1a;src;cdkn2a;cx3cl1;itpr3;adcy2;ccr3;cxcr4;ccl2;ccl5;ccl4;mapk11;ccl3;gng2;ccr1;ccnd1;adcy7;gnai1;pik3cd;mapk13;il10ra;mapk3;prkca;e2f1;bax;adcy3;itgb3;gngt2;gng8;plcb2;tnf;il10rb;nfatc2;rac2;adcy6;gnb5;e2f3
prerank,beta-Alanine metabolism,0.41996253413740336,1.049482894964604,0.40869565217391307,0.7144497336407889,1.0,11/30,19.91%,aldh3a1;smox;gad2;aldh3b1;gad1;aldh1b1;aoc2;aldh3a2;cndp1;aldh3b2;ehhadh
prerank,Apoptosis,0.35655097890019455,1.046033434877597,0.3958333333333333,0.7202974568664872,1.0,30/127,17.28%,casp12;ngf;tuba8;itpr3;ctsk;il3ra;prf1;gadd45b;pmaip1;spta1;tnfrsf10b;birc5;bcl2l11;apaf1;traf1;tuba1a;pik3cd;ctsw;mapk3;csf2rb;ctss;sptan1;dab2ip;bax;tuba1b;bcl2l1;ddit3;tnf;bok;bcl2
prerank,Tight junction,0.3539480494889966,1.0458948453470596,0.3975409836065574,0.7156473595394413,1.0,41/148,24.79%,cldn7;cftr;cldn4;cldn23;src;tuba8;cldn6;arhgef2;ppp2r2b;dlg2;micall2;arpc1b;synpo;cldn11;myl12b;vasp;was;ccnd1;hcls1;tuba1a;myl12a;f11r;prkab1;tuba1b;tjap1;amot;myh9;cldn8;tjp2;myh14;prkab2;msn;cldn22;actr3;cldn14;cldn24;rab8b;cttn;scrib;arpc2;actn1
prerank,Epstein-Barr virus infection,0.35211388544679245,1.0450059007229775,0.40224032586558045,0.7132715297953175,1.0,59/162,28.52%,cdkn1a;ccna2;ccne1;tnfaip3;relb;nfkb2;gadd45b;nfkbie;cd247;blnk;mapk11;bcl2l11;apaf1;ccnd1;pik3cd;mapk13;tlr2;icam1;e2f1;cxcl10;oas3;cd3g;ddb2;cd40;bax;entpd1;tnf;bcl2;syk;hes1;irf7;e2f3;vim;oas2;tap2;cd3d;plcg2;btk;ikbke;cd44;cd3e;bak1;ccne2;ccnd3;traf2;tapbp;bid;irak4;cdk6;tap1;entpd3;e2f2;tab1;cd19;isg15;myc;runx3;polk;skp2
prerank,Arginine and proline metabolism,0.3873585864538521,1.02306800032309,0.44727694090382386,0.775235428752675,1.0,17/47,23.17%,aoc1;arg2;smox;nos2;got1l1;maoa;aldh1b1;aldh18a1;sms;ckb;aldh3a2;cndp1;sat1;nos3;azin2;carns1;pycr2
prerank,Non-small cell lung cancer,0.3637082921019459,1.0198290765045221,0.4426229508196721,0.7800198818752211,1.0,12/71,15.72%,kif5c;alk;cdkn1a;cdkn2a;gadd45b;ccnd1;pik3cd;mapk3;prkca;e2f1;ddb2;bax
prerank,RNA transport,-0.24147415582990886,-1.0120606641730323,0.48148148148148145,0.6744305115633271,1.0,52/150,29.86%,pom121l2;rpp25;nxt2;eif4a2;eif1b;nup210;elac1;eif4ebp2;gemin2;eif5;eif4e1b;ddx19b;rpp25l;snupn;rbm8a;eif4g2;eif4a1;pnn;eef1a1;eif1;eif3g;sap18;ncbp1;pop5;pabpc5;eif4g1;tardbp;ranbp2;nmd3;tgs1;magoh;rpp40;eif2b5;thoc7;thoc3;ncbp2;eif4e;eif2b3;fxr1;thoc2;thoc1;eif3i;clns1a;ddx19a;srrm1;eif2b4;elac2;senp2;pop4;strap;xpo1;eif2s1
prerank,NOD-like receptor signaling pathway,0.34267270823865253,1.0106147090145468,0.4739583333333333,0.8027396988766272,1.0,33/141,20.26%,casp12;panx1;itpr3;cybb;camp;casp4;tnfaip3;casp1;ccl2;ccl5;aim2;mapk11;p2rx7;mapk13;mapk3;nampt;oas3;mefv;bcl2l1;plcb2;cxcl3;tnf;cyba;bcl2;card9;trpv2;prkcd;trip6;pstpip1;irf7;nlrc4;oas2;rnasel
prerank,Prolactin signaling pathway,0.3677249630164168,1.0101622627506988,0.484304932735426,0.7985693179145834,1.0,12/67,14.58%,shc2;src;cga;shc4;th;shc3;mapk11;ccnd1;pik3cd;mapk13;tnfrsf11a;mapk3
prerank,PD-L1 expression and PD-1 checkpoint pathway in cancer,0.3507938704319696,1.0094569154627815,0.48439181916038754,0.7950277810390839,1.0,21/88,19.86%,alk;pdcd1;nfkbie;cd28;cd247;tlr9;mapk11;lck;lat;pik3cd;mapk13;tlr2;ifngr1;mapk3;batf3;batf;ticam2;cd3g;batf2;nfatc2;ifngr2
prerank,JAK-STAT signaling pathway,0.3425240472799891,1.0055029832693867,0.5056526207605344,0.8012356121524131,1.0,47/135,23.60%,epo;lif;cdkn1a;lepr;pdgfb;ifnlr1;il19;il12b;csf2;il3ra;osm;il9r;il7;il10;il23a;il17d;osmr;ccnd1;pik3cd;csf2ra;il22ra1;il10ra;ifngr1;pdgfa;csf2rb;stat4;il21;bcl2l1;pdgfrb;il10rb;bcl2;il2rg;crlf2;il2rb;aox1;epor;ifngr2;il21r;il4;il20ra;csf3r;il27ra;il15;il11;ccnd3;il13;il24
prerank,Pathways of neurodegeneration,0.32832249381060996,1.0025303693638974,0.508,0.8045048824719914,1.0,66/418,17.28%,gpx2;cacna1b;kif5c;calml3;wnt7a;wnt10a;wnt16;tubb2b;casp12;dnah1;klc3;calml4;dnah5;dkk2;uchl1;dnah12;fzd9;tuba8;tubb3;itpr3;nos2;cybb;dnah11;gpx7;gria3;dnah3;mapt;dnah10;wnt7b;dnah2;cox4i2;wnt10b;fzd10;slc25a4;cacna1c;csnk1e;cox6b2;stx1a;dnah6;tubb6;hap1;ift57;ager;mapk11;app;apaf1;grin2b;camk2a;snca;tuba1a;mapk13;tubb2a;mapk3;prkca;dnali1;bax;cacna1f;tuba1b;gpx3;bcl2l1;ddit3;wnt11;wnt4;plcb2;tnf;bcl2
prerank,Neuroactive ligand-receptor interaction,-0.28904464871819824,-1.0,1.0,0.692751601242945,1.0,62/283,6.72%,gal;gabrq;ppy;iapp;prss3;hcrtr2;galr1;calcr;avpr1a;prss1;chrna10;gabrr2;cckar;nmbr;gabra1;prss2;lep;oxt;ptger3;grin2c;ghr;oprl1;adra1a;grm8;p2ry4;vip;grid1;gabra4;npy2r;gria1;mc2r;gcg;grpr;p2rx1;adra2c;ucn2;s1pr5;chrna7;pomc;thrb;adra1b;npffr1;s1pr1;gria2;penk;vipr1;chrnb3;edn3;cckbr;grm3;ghsr;glra1;ntsr2;tac1;grm4;agtr2;drd2;chrm5;htr4;pyy;hrh4;gabbr2
prerank,Th1 and Th2 cell differentiation,0.35377509246390426,0.9993372997156972,0.48580786026200873,0.8087651929098512,1.0,23/77,23.32%,jag2;il12b;nfkbie;dll4;notch3;cd247;mapk11;lck;lat;mapk13;ifngr1;mapk3;stat4;cd3g;il2rg;il2rb;nfatc2;ifngr2;il4;cd3d;cd3e;jag1;il13
prerank,Ferroptosis,0.3887119744789436,0.9991816005439808,0.49217809867629364,0.8037557212495439,1.0,11/35,21.82%,slc7a11;cybb;gclc;gss;gpx4;hmox1;tfrc;steap3;fth1;sat1;slc3a2
prerank,Dopaminergic synapse,0.34126110088169137,0.9984633770737092,0.49266247379454925,0.8006420907334131,1.0,26/121,19.40%,cacna1b;kif5c;calml3;calml4;itpr3;drd3;gria3;ppp2r2b;kcnj9;maoa;cacna1c;th;mapk11;gng2;grin2b;camk2a;gnai1;mapk13;prkca;drd4;gngt2;gng8;plcb2;camk2b;arrb1;gnb5
prerank,Pancreatic cancer,0.35498381416642083,0.9957125264468708,0.4983922829581994,0.8035750254278553,1.0,24/75,26.58%,cdkn1a;cdkn2a;tgfb2;gadd45b;ralgds;ccnd1;pik3cd;tgfbr2;mapk3;e2f1;ddb2;bax;bcl2l1;arhgef6;tgfb3;rac2;e2f3;ralb;pld2;bak1;tgfb1;cdk6;tgfa;e2f2
prerank,Morphine addiction,0.3473414252663348,0.990558061899582,0.509719222462203,0.8133552571038345,1.0,24/84,19.40%,cacna1b;adcy8;adcy1;gabrp;adcy2;adora1;oprm1;kcnj9;pde4d;pde1c;pde10a;gng2;adcy7;gnai1;gabrd;prkca;adcy3;gngt2;gng8;gabbr1;adcy6;arrb1;gabrg1;gnb5
prerank,Other glycan degradation,0.45125911211476155,0.9891749468398533,0.49032258064516127,0.8119225020765032,1.0,10/16,34.99%,hexb;hexa;neu3;aga;neu1;man2b2;fuca2;man2b1;engase;glb1
prerank,Inositol phosphate metabolism,0.3569298176557427,0.9891328097784515,0.5238095238095238,0.8068122362591856,1.0,16/72,22.26%,miox;plch1;synj2;inpp5j;plcd3;isyna1;pik3cd;impa2;inpp5d;plcb2;pik3cg;inpp4b;itpkc;plch2;plcg2;pip4k2a
prerank,Herpes simplex virus 1 infection,0.3332885858432793,0.9826086445384844,0.5466804979253111,0.8199166342611696,1.0,55/150,31.05%,src;zfp57;cd74;zfp37;il12b;ccl2;ccl5;tlr9;apaf1;nxf2;pik3cd;tlr2;ifngr1;oas3;bax;itgb3;zfp90;bcl2l1;tnf;bcl2;card9;syk;irf7;ifngr2;oas2;rnasel;tap2;zfp28;ikbke;zfp14;bak1;traf2;pilra;tapbp;bid;c3;irak4;cfp;bst2;tap1;itga5;pou2f2;tab1;eif4ebp1;birc3;zik1;lta;pou2f3;ppp1cc;eif2ak4;tnfsf14;zfp69;pik3r3;stat1;sp100
prerank,Phototransduction,0.4176524195498926,0.9814532766831388,0.5112781954887218,0.8177156434559583,1.0,3/22,9.63%,calml3;calml4;guca1a
prerank,Lysosome,0.3362033683468808,0.9789517065679144,0.5394190871369294,0.8193724353342294,1.0,43/124,28.44%,psapl1;cd63;slc11a1;ctsk;ctsg;galns;laptm4b;hexb;ctsw;cd68;ctss;hexa;napsa;ap1s2;lgmn;gusb;ap1s1;arsa;laptm5;ctsz;psap;atp6v0d2;ap3m2;abcb9;aga;ap1g2;tcirg1;gla;ppt1;igf2r;idua;neu1;asah1;slc11a2;ctsd;ctsa;npc2;ctse;cln3;fuca2;atp6v0c;gm2a;ctsc
prerank,B cell receptor signaling pathway,0.34781105709629456,0.9783762595703115,0.5355555555555556,0.8157989407019044,1.0,19/70,21.55%,dapp1;nfkbie;blnk;cd72;cd79b;card11;pik3cd;mapk3;inpp5d;pik3ap1;vav1;cd22;syk;bcl10;nfatc2;rac2;vav3;plcg2;btk
prerank,Other types of O-glycan biosynthesis,0.3750976198864877,0.97754300248334,0.5246690734055355,0.8129314704433769,1.0,19/43,27.52%,galnt9;galnt12;galnt6;b4galt2;galnt18;galnt13;galnt10;galnt3;galnt15;mfng;gxylt2;galnt5;b4galt3;colgalt1;galnt7;lfng;st6gal2;st6gal1;eogt
prerank,GABAergic synapse,0.3404516926974013,0.9739631578074417,0.5355603448275862,0.8179553234563356,1.0,25/82,19.40%,cacna1b;adcy8;adcy1;gabrp;src;adcy2;gad2;cacna1c;gad1;hap1;gng2;adcy7;gnai1;gabrd;prkca;cacna1f;adcy3;gls;gngt2;gng8;gabbr1;slc6a1;adcy6;gabrg1;gnb5
prerank,Long-term depression,0.3558235468241957,0.9733312062071089,0.5250569476082004,0.8145180776949075,1.0,9/55,17.09%,crhr1;pla2g4f;itpr3;gria3;pla2g4d;gnai1;mapk3;prkca;plcb2
prerank,Basal transcription factors,-0.27660829526985103,-0.9697722015720617,0.475,0.7652102225886233,1.0,23/40,38.00%,gtf2a1;mnat1;taf7;taf13;taf10;taf5;gtf2e1;gtf2h2;taf12;ccnh;taf15;gtf2i;taf4b;gtf2a2;taf5l;taf1;cdk7;taf6;ercc2;gtf2h1;gtf2f2;gtf2h4;taf6l
prerank,Primary immunodeficiency,0.37530682000117355,0.9673003417779279,0.5348288075560803,0.8258429700520434,1.0,19/35,29.20%,cd8a;ciita;blnk;lck;aicda;rag1;cd40;il2rg;tnfrsf13b;ptprc;tap2;cd3d;btk;cd3e;tap1;cd19;orai1;il7r;tnfrsf13c
prerank,Glycolysis / Gluconeogenesis,0.34789298184380024,0.9614614015895425,0.5399113082039911,0.8360616285811551,1.0,16/58,20.70%,aldh3a1;hkdc1;pfkp;hk2;aldh3b1;pkm;aldh1b1;pck2;fbp2;pgm1;acss1;aldh3a2;aldh3b2;aldoa;pklr;gck
prerank,Axon guidance,0.32060476462632564,0.9602376253466908,0.5881753312945973,0.8341737235353398,1.0,44/178,21.32%,pak6;src;plxna3;pak3;pak1;sema3g;unc5b;sema7a;nck2;cxcr4;limk1;efna4;sema6b;epha3;plxnb3;ephb2;efnb2;sema5b;trpc6;sema3b;myl12b;trpc5;sema4c;camk2a;gnai1;pik3cd;myl12a;mapk3;prkca;sema4d;limk2;srgap2;wnt4;fes;rras;camk2b;nfatc2;rac2;rhod;sema3f;sema3e;robo1;sema5a;plcg2
prerank,Fat digestion and absorption,0.36495861344104913,0.957688796652094,0.5555555555555556,0.8359041747185669,1.0,8/41,9.54%,pla2g2e;mogat2;pla2g5;npc1l1;cd36;apoa4;plpp2;pla2g2a
prerank,mRNA surveillance pathway,-0.24631242682843696,-0.956584795844536,0.547945205479452,0.7875656003056322,1.0,33/90,28.10%,cpsf4l;pabpn1l;nxt2;ppp2r1b;hbs1l;ppp2r5e;gspt1;ddx19b;papola;wdr82;rbm8a;ppp2r3a;ppp2r2a;pnn;rngtt;sap18;pcf11;ncbp1;cpsf4;cpsf2;cstf2t;pabpc5;tardbp;magoh;nudt21;cpsf6;ppp2r3c;ncbp2;wdr33;ppp2r5a;clp1;ddx19a;srrm1
prerank,TGF-beta signaling pathway,-0.23919281890828176,-0.9556805245902285,0.5490196078431373,0.7707454952302438,1.0,21/91,13.34%,bmpr1b;acvr1c;acvr2b;hamp;bmp8a;inhbc;grem1;id2;id3;rgma;nbl1;neo1;bmp2;chrd;zfyve9;acvr2a;ppp2r1b;bmp5;inhba;dcn;gdf7
prerank,Phenylalanine metabolism,0.42178641863568506,0.9543830928827367,0.5423497267759563,0.8392397010513758,1.0,5/17,13.47%,aldh3a1;got1l1;aldh3b1;maoa;aoc2
prerank,mTOR signaling pathway,0.3217304272197077,0.9521721593371316,0.5896373056994819,0.8397136195998542,1.0,20/150,17.13%,wnt7a;rragd;atp6v1b1;wnt10a;wnt16;fzd9;ddit4;wnt7b;lpin3;wnt10b;fzd10;rps6ka1;sesn2;pik3cd;mapk3;prkca;grb10;wnt11;wnt4;tnf
prerank,Starch and sucrose metabolism,0.3931224179732711,0.945603776491561,0.5531370038412292,0.8509294631628302,1.0,10/25,24.44%,hkdc1;pygb;hk2;pgm1;gbe1;treh;pgm2l1;gck;hk1;ugp2
prerank,Purine metabolism,0.3222461253330075,0.9430438093982322,0.6008403361344538,0.8524460189172691,1.0,46/118,31.78%,adcy8;adcy1;entpd2;adcy2;nt5e;rrm2;pde4d;pde1c;pde10a;allc;ak8;pkm;nt5c1b;pde6c;pgm1;adcy7;adcy3;entpd1;aprt;nt5c2;pde6d;adcy6;impdh1;pklr;nme7;adcy10;gmpr;ak1;nt5c3b;dck;atic;entpd3;nt5c1a;ntpcr;nt5c;entpd6;pde5a;pde6b;entpd5;pde4a;guk1;rrm2b;nudt9;ak7;ampd3;nudt5
prerank,Serotonergic synapse,0.3276147944214095,0.9392006030764397,0.6186440677966102,0.8570362294913364,1.0,20/95,17.09%,cacna1b;pla2g4f;itpr3;alox12b;kcnj9;alox5;maoa;cacna1c;htr7;gng2;rapgef3;app;pla2g4d;gnai1;mapk3;prkca;cacna1f;gngt2;gng8;plcb2
prerank,Alcoholism,0.3255216393481567,0.9366020452354032,0.6063829787234043,0.8583586877380255,1.0,18/98,17.80%,calml3;shc2;calml4;ntrk2;shc4;maoa;th;shc3;gng2;grin2b;gnai1;npy;hdac7;mapk3;camkk1;gngt2;gng8;adora2a
prerank,Amphetamine addiction,0.340034211757974,0.9352914132557372,0.5771365149833518,0.8566723663063553,1.0,11/62,14.85%,calml3;calml4;arc;gria3;maoa;cacna1c;th;stx1a;grin2b;camk2a;prkca
prerank,Endocytosis,0.31346595326826565,0.9349189115825131,0.6710393541876892,0.8525649324916982,1.0,66/222,31.20%,kif5c;cxcr1;src;cxcr4;chmp4c;psd4;arpc1b;izumo1r;bin1;rab31;vps37d;ehd4;cyth4;epn2;psd2;dnm3;cav2;tgfbr2;sh3kbp1;mvb12b;tfrc;rab11fip5;arfgap3;cyth3;il2rg;folr1;chmp6;il2rb;arrb1;epn3;arf3;git1;wipf3;arrb2;snx12;igf2r;cblc;pld2;actr3;smurf1;cav3;arpc2;chmp4b;psd;sh3gl1;agap1;vps37c;chmp2b;smap1;stam2;arpc5;rab35;acap3;ehd2;asap3;hspa2;ccr5;pdgfra;ehd1;acap2;iqsec2;cblb;tgfbr1;snx5;arpc3;rab4a
prerank,Endocrine and other factor-regulated calcium reabsorption,0.35018914011736624,0.931800277468933,0.575,0.8553339489268893,1.0,12/48,18.93%,atp1a4;vdr;atp2b2;bdkrb2;atp1a2;atp1b2;dnm3;prkca;atp1b1;slc8a1;plcb2;adcy6
prerank,Protein digestion and absorption,0.32114232891519445,0.9309130189898718,0.6215644820295984,0.8525638144316344,1.0,32/98,18.19%,slc1a1;mep1a;col28a1;col4a3;slc6a19;mep1b;atp1a4;col9a2;kcne3;col4a5;col4a1;slc7a9;col4a4;col9a1;col4a2;atp1a2;slc36a3;col8a1;slc7a7;col6a3;col6a6;atp1b2;col12a1;col5a2;atp1b1;slc8a1;kcnn4;col22a1;col8a2;cpa3;col17a1;eln
prerank,Basal cell carcinoma,0.3429331554469972,0.9302985228501597,0.5911664779161948,0.8492380601822029,1.0,23/61,25.05%,wnt7a;wnt10a;wnt16;cdkn1a;fzd9;wnt7b;gadd45b;wnt10b;fzd10;gli1;ddb2;bax;wnt11;wnt4;kif7;bmp4;ptch2;wnt8b;bak1;wnt8a;fzd6;apc2;dvl2
prerank,Kaposi sarcoma-associated herpesvirus infection,0.31261852848997784,0.9278959102068502,0.6585117227319062,0.8501068127784372,1.0,46/165,25.60%,calml3;calml4;cdkn1a;src;angpt2;itpr3;pdgfb;ccr3;csf2;ccr8;mapk11;gng2;ccr1;ccnd1;pik3cd;mapk13;ifngr1;mapk3;icam1;e2f1;bax;gngt2;gng8;ccr4;cxcl3;pik3cg;cd200r1;hck;syk;nfatc2;gnb5;irf7;e2f3;pik3r5;cd86;plcg2;pik3r6;ikbke;gnb3;bak1;traf2;bid;ptgs2;c3;cdk6;rcan1
prerank,Shigellosis,0.30748056250865247,0.9249354178541456,0.6737588652482269,0.8524821152173936,1.0,47/205,24.91%,rragd;hkdc1;src;cd14;itpr3;casp4;hk2;casp1;plcd3;csf2;ccl5;arhgef2;arpc1b;tnip1;calcoco2;myl12b;elmo1;mapk11;cyth4;hcls1;pik3cd;mapk13;myl12a;pfn2;mapk3;bax;bcl2l1;plcb2;tnf;bcl2;cyth3;prkcd;bcl10;nlrc4;capn2;plcg2;cd44;actr3;sqstm1;myl10;traf2;cttn;nlrp3;hk1;arpc2;actn1;c3
prerank,Aldosterone-regulated sodium reabsorption,0.36431781189376755,0.9222785614151569,0.6127864897466827,0.853905273152844,1.0,10/35,15.26%,atp1a4;sfn;atp1a2;fxyd4;atp1b2;hsd11b2;pik3cd;mapk3;prkca;atp1b1
prerank,Cocaine addiction,-0.2608506517874214,-0.9208305313125753,0.6323529411764706,0.8527157345808011,1.0,11/46,15.21%,grin2c;fosb;gria2;grm3;drd2;bdnf;ddc;creb3l3;drd1;slc18a2;rgs9
prerank,Pentose and glucuronate interconversions,0.3946732135509585,0.9200476912131568,0.5824873096446701,0.854189257998221,1.0,7/19,18.62%,ugt1a8;ugt1a9;ugt2a1;ugdh;gusb;ugt1a10;akr1b10
prerank,Yersinia infection,0.31193621012142037,0.9193085917401003,0.6670113753877973,0.8510448227107565,1.0,46/128,31.31%,src;casp1;limk1;ccl2;arpc1b;arhgef28;cd8a;rps6ka1;il10;elmo1;mapk11;lck;lat;was;pik3cd;mapk13;mapk3;vav1;mefv;tnf;rhog;nfatc2;rac2;nlrc4;vav3;wipf3;baiap2;actr3;traf2;nlrp3;arhgef7;arpc2;irak4;lcp2;itga5;tab1;rock2;itga4;arpc5;elmo2;pik3r3;pkn1;actb;pycard;arpc3;pxn
prerank,Huntington disease,0.30591012660340017,0.919233753194181,0.7053481331987891,0.8465743146151722,1.0,29/258,13.40%,gpx2;cacna1b;kif5c;tubb2b;dnah1;klc3;dnah5;dnah12;tuba8;tubb3;dnah11;gpx7;gria3;dnah3;dnah10;dnah2;cox4i2;slc25a4;cox6b2;tgm2;stx1a;dnah6;tubb6;hap1;ift57;pparg;apaf1;grin2b;tuba1a
prerank,Intestinal immune network for IgA production,0.3653485014553522,0.9100773654400757,0.6119951040391677,0.8627036583912492,1.0,16/31,27.32%,madcam1;tnfsf13;cxcr4;cd28;il10;tnfsf13b;ccr10;aicda;cd40;tnfrsf13b;cd86;il4;il15;tgfb1;itga4;itgb7
prerank,Hepatitis B,0.30598223890969617,0.9050394381727687,0.6916752312435765,0.8688156404911558,1.0,38/145,26.64%,casp12;cdkn1a;src;ccna2;ccne1;tgfb2;egr2;birc5;egr3;mapk11;apaf1;pik3cd;mapk13;tlr2;tgfbr2;mapk3;prkca;stat4;ticam2;e2f1;ddb2;bax;tnf;bcl2;tgfb3;nfatc2;irf7;e2f3;ikbke;hspg2;ccne2;bid;tgfb1;irak4;ywhaz;prkcb;e2f2;tab1
prerank,Parkinson disease,0.30185381278863815,0.9031322932513673,0.717896865520728,0.8682794774161297,1.0,26/202,16.55%,kif5c;calml3;tubb2b;klc3;calml4;uchl1;tuba8;tubb3;itpr3;mapt;cox4i2;slc25a4;maoa;th;cox6b2;tubb6;apaf1;camk2a;snca;gnai1;tuba1a;tubb2a;bax;tuba1b;bcl2l1;ddit3
prerank,Colorectal cancer,0.3193706828856777,0.899249857574555,0.6805111821086262,0.871843749103283,1.0,17/85,18.81%,areg;cdkn1a;tgfb2;gadd45b;pmaip1;ralgds;birc5;bcl2l11;ccnd1;pik3cd;tgfbr2;mapk3;ddb2;bax;bcl2;tgfb3;rac2
prerank,Phosphatidylinositol signaling system,0.317362018264865,0.8970823151050404,0.6776595744680851,0.871640097651281,1.0,19/88,22.36%,calml3;calml4;itpr3;synj2;plcd3;dgkd;pik3cd;impa2;prkca;inpp5d;plcb2;dgkz;ppip5k2;inpp4b;itpkc;dgkg;plcg2;pip4k2a;cds1
prerank,Prostate cancer,0.31609922011437347,0.8960103932705997,0.6798715203426124,0.8690884955232414,1.0,17/92,17.28%,cdkn1a;plat;ccne1;pdgfb;il1r2;nkx3-1;tmprss2;pdgfd;spint1;ccnd1;pik3cd;pdgfa;mapk3;plau;e2f1;pdgfrb;bcl2
prerank,Alzheimer disease,0.2945992838380617,0.8929657902656876,0.7993981945837513,0.8708245097165683,1.0,45/321,17.13%,kif5c;calml3;wnt7a;wnt10a;wnt16;tubb2b;casp12;klc3;calml4;dkk2;fzd9;tuba8;tubb3;itpr3;nos2;lpl;cybb;rtn4;mapt;wnt7b;cox4i2;wnt10b;fzd10;slc25a4;cacna1c;csnk1e;cox6b2;tubb6;ager;app;apaf1;grin2b;snca;tuba1a;pik3cd;tubb2a;mapk3;cacna1f;tuba1b;ddit3;wnt11;wnt4;aph1b;plcb2;tnf
prerank,Synaptic vesicle cycle,0.3189762205218798,0.8922831314862046,0.6740088105726872,0.8676430138565333,1.0,14/72,20.74%,cacna1b;slc1a1;atp6v1b1;rims1;slc6a7;slc6a9;stx1a;dnm3;slc1a6;slc6a1;atp6v0d2;atp6v1g2;tcirg1;atp6v0e2
prerank,Fatty acid elongation,-0.2870402890131962,-0.8887774107092126,0.6337209302325582,0.9220565090309527,1.0,6/27,14.11%,elovl3;them4;elovl2;acaa2;them5;echs1
prerank,Autophagy,-0.20269968042494244,-0.8880925679608259,0.8611111111111112,0.9031052486946963,1.0,55/129,33.87%,prap1;rab39b;ulk2;atg10;lamp2;mtmr4;atg3;dapk1;akt2;atg4d;atg13;atg5;deptor;zfyve1;atg16l2;irs2;atg101;atg2b;itpr1;atg14;map3k7;pten;pik3r1;gabarapl1;mras;stk11;prkaa2;stx17;ctsl;atg9b;mapk1;rps6kb1;irs1;rb1cc1;pik3cb;pik3r4;camkk2;tsc1;atg9a;pik3ca;mapk8;atg7;eif2s1;hmgb1;rps6kb2;rraga;nrbf2;mtmr14;uvrag;map2k1;atg4c;smcr8;traf6;rptor;dapk3
prerank,Hepatitis C,0.2982156859863495,0.8865875235550685,0.7037422037422038,0.8746757294407345,1.0,34/136,25.52%,cldn7;cldn4;cldn23;cdkn1a;cldn6;ppp2r2b;mx1;cldn11;ywhah;apaf1;ccnd1;pik3cd;mapk3;e2f1;cxcl10;oas3;bax;tnf;cldn8;rsad2;irf7;e2f3;oas2;rnasel;cldn22;ikbke;cldn14;bak1;cldn24;traf2;ywhag;bid;cdk6;ywhaz
prerank,Insulin signaling pathway,0.3032629579718984,0.8836765304680717,0.7214659685863875,0.8756132097174933,1.0,16/130,15.77%,calml3;shc2;hkdc1;calml4;pygb;hk2;shc4;shc3;prkar1b;flot1;pck2;fbp2;ppp1r3a;pik3cd;mapk3;prkab1
prerank,Carbohydrate digestion and absorption,0.345959954771382,0.8797483390228398,0.6666666666666666,0.8787379006937865,1.0,10/40,17.09%,slc5a1;hkdc1;atp1a4;hk2;atp1a2;atp1b2;lct;pik3cd;atp1b1;plcb2
prerank,Glucagon signaling pathway,0.30495804856582515,0.8775861332348389,0.6940540540540541,0.8782397478794686,1.0,18/94,20.91%,calml3;calml4;pygb;itpr3;adcy2;pfkp;cpt1c;pkm;pck2;fbp2;camk2a;sik1;prkab1;plcb2;camk2b;cpt1b;gck;prkab2
prerank,Retinol metabolism,-0.25555451126973683,-0.8753602267796051,0.668918918918919,0.9172371769597475,1.0,8/38,8.02%,adh4;cyp1a2;rdh8;ugt2a3;cyp2w1;adh7;aldh1a3;adh5
prerank,Notch signaling pathway,0.3276091291656344,0.8718409684398671,0.6722222222222223,0.885329671340898,1.0,11/56,18.67%,jag2;hey1;notch4;dll4;notch3;tle6;numbl;dtx3;aph1b;mfng;hes1
prerank,Choline metabolism in cancer,0.30882051301284996,0.8716574705102191,0.7276595744680852,0.8811717181581383,1.0,22/94,22.12%,pla2g4f;slc44a4;pdgfb;slc44a5;plpp2;pcyt1b;slc44a3;pdgfd;ralgds;dgkd;pla2g4d;was;pik3cd;pdgfa;mapk3;prkca;pdgfrb;dgkz;rac2;dgkg;pla2g4c;pld2
prerank,Arginine biosynthesis,0.38190220508459016,0.8686976159477542,0.6609271523178808,0.8825362493162601,1.0,3/20,5.94%,arg2;nos2;got1l1
prerank,Porphyrin and chlorophyll metabolism,0.34618850545340835,0.867799035888257,0.6613300492610837,0.87981554758034,1.0,9/30,17.21%,ugt1a8;ugt1a9;heph;blvrb;ugt2a1;hmox1;hephl1;gusb;ugt1a10
prerank,Proximal tubule bicarbonate reclamation,0.38151840105471546,0.85792934441982,0.7049399198931909,0.8938812032001361,1.0,6/19,15.92%,atp1a4;atp1a2;atp1b2;pck2;atp1b1;gls
prerank,Signaling pathways regulating pluripotency of stem cells,0.29330693375764394,0.8577995073824166,0.761954261954262,0.889585497377381,1.0,18/134,14.58%,wnt7a;inhbb;wnt10a;hesx1;wnt16;lif;dusp9;fzd9;otx1;wnt7b;wnt10b;fzd10;mapk11;id1;pik3cd;mapk13;lefty1;mapk3
prerank,Type II diabetes mellitus,0.3257601906407088,0.8536008818982337,0.688622754491018,0.8925827840644024,1.0,12/45,21.79%,cacna1b;hkdc1;hk2;cacna1c;pkm;pik3cd;mapk3;tnf;prkcd;pklr;gck;abcc8
prerank,Renin-angiotensin system,0.37219205302132685,0.8524175266927388,0.676985195154778,0.8901969538078314,1.0,3/19,7.68%,mas1;ctsg;ace
prerank,SNARE interactions in vesicular transport,-0.2587835211179716,-0.8516986687764692,0.7368421052631579,0.955478767255442,1.0,9/31,26.26%,stx19;stx1b;bet1;vamp7;stx17;sec22b;vti1b;stx18;vamp2
prerank,Cardiac muscle contraction,0.3042188577761537,0.8505533245338746,0.7440347071583514,0.8890983820950217,1.0,20/81,18.55%,atp1a4;actc1;cacng1;cox4i2;atp1a2;cacna1c;cacng7;cox6b2;casq2;cacnb1;atp1b2;cacna2d4;myl3;atp1b1;cacna1f;tpm4;slc9a7;slc8a1;cacnb3;tpm1
prerank,Glutamatergic synapse,0.2897735860748214,0.8460269346729536,0.7704569606801275,0.8925779613400527,1.0,32/108,23.37%,slc1a1;adcy8;adcy1;pla2g4f;itpr3;adcy2;gria3;cacna1c;homer3;gng2;pla2g4d;grin2b;adcy7;gnai1;slc1a6;mapk3;prkca;adcy3;gls;gngt2;gng8;plcb2;adcy6;grm2;gnb5;grin2a;pla2g4c;shank3;gnb3;pld2;grm1;slc17a6
prerank,Antigen processing and presentation,0.33011615656227744,0.8444672801254092,0.7185273159144893,0.8908571261842185,1.0,14/40,29.33%,cd74;cd8a;ciita;klrd1;ctss;lgmn;tnf;ifi30;tap2;tapbp;klrc1;tap1;klrc2;hspa2
prerank,Cholesterol metabolism,-0.2449985217346679,-0.8413204267789661,0.7318840579710145,0.959810387469085,1.0,8/48,8.31%,lipc;cyp7a1;lrp2;abcb11;cyp27a1;apob;apoc3;lrp1
prerank,RNA polymerase,-0.2707290747921171,-0.8387331457718367,0.734375,0.9455120547806921,1.0,26/27,65.90%,polr3g;polr2i;polr3k;polr3a;polr2b;polr1e;polr3f;polr2c;polr3b;polr3gl;polr3c;polr2a;polr3e;polr2l;polr1b;polr2k;polr3d;polr2h;polr1a;polr1d;polr2j;polr1c;polr3h;polr2f;polr2d;polr2g
prerank,Amyotrophic lateral sclerosis,0.2759393519790834,0.8368657312051229,0.868,0.8992714560247869,1.0,42/311,17.28%,gpx2;kif5c;nrg1;tubb2b;casp12;dnah1;klc3;dnah5;dnah12;nrg2;tuba8;tubb3;itpr3;nos2;dnah11;gpx7;casp1;dnah3;dnah10;dnah2;cox4i2;cox6b2;dnah6;tubb6;hap1;mapk11;apaf1;grin2b;nxf2;tuba1a;mapk13;nrg4;pfn2;tubb2a;dnali1;bax;tuba1b;gpx3;bcl2l1;ddit3;tnf;bcl2
prerank,Glycosaminoglycan degradation,0.366365763178007,0.8361904276765014,0.6988110964332893,0.8960933269140405,1.0,5/19,16.62%,hpse2;galns;hexb;hexa;gusb
prerank,FoxO signaling pathway,0.2848381891796839,0.8334094860702931,0.7954070981210856,0.8961919289875487,1.0,19/126,14.58%,cdkn2b;ccnb1;plk1;ccnb2;cdkn1a;tgfb2;gadd45b;csnk1e;homer3;il10;mapk11;bcl2l11;pck2;ccnd1;pik3cd;mapk13;tgfbr2;rag1;mapk3
prerank,Retrograde endocannabinoid signaling,0.2831483712119064,0.8283174906442741,0.803347280334728,0.8998526683876342,1.0,25/132,17.09%,cacna1b;adcy8;adcy1;gabrp;cnr1;itpr3;adcy2;gria3;rims1;kcnj9;cacna1c;napepld;mapk11;gng2;adcy7;gnai1;mapk13;gabrd;mapk3;prkca;cacna1f;adcy3;gngt2;gng8;plcb2
prerank,Thyroid cancer,0.32632880841317424,0.8263208845665004,0.7378640776699029,0.898986516627448,1.0,14/36,28.19%,cdkn1a;gadd45b;pax8;pparg;ccnd1;mapk3;ddb2;bax;bak1;cdh1;tpr;lef1;myc;polk
prerank,Glycosylphosphatidylinositol (GPI)-anchor biosynthesis,-0.2689476553980371,-0.8205056952566326,0.7073170731707317,0.9631657048639736,1.0,25/25,73.16%,gpld1;pigb;pgap1;pigw;mppe1;pigo;pigs;pigh;pigv;pigx;pigk;piga;pigg;pigq;pigl;pigt;pign;gpaa1;dpm2;pigf;pigm;pigc;pigu;pigp;pigz
prerank,Thyroid hormone signaling pathway,0.2804816815579412,0.8192731390697054,0.8168574401664932,0.9051323084759851,1.0,21/118,18.26%,dio3;atp1a4;src;pfkp;plcd3;atp1a2;notch4;notch3;rcan2;atp1b2;slco1c1;ccnd1;pik3cd;mapk3;prkca;atp1b1;itgb3;wnt4;plcb2;tbc1d4;bmp4
prerank,Prion disease,0.2710953504181045,0.8160869723504293,0.8787878787878788,0.9056107898067718,1.0,36/229,17.72%,cacna1b;kif5c;tubb2b;casp12;klc3;tuba8;tubb3;itpr3;cybb;ccl5;cox4i2;slc25a4;cacna1c;cox6b2;tubb6;mapk11;apaf1;grin2b;tuba1a;pik3cd;ncf4;cav2;mapk13;tubb2a;mapk3;c1qa;c1qb;lamc1;bax;cacna1f;tuba1b;c1qc;ddit3;tnf;cyba;prkcd
prerank,Inflammatory bowel disease,0.309360238571838,0.8127443076347943,0.7627314814814815,0.9063398815641618,1.0,17/49,25.80%,tgfb2;il12b;il10;il23a;tlr2;ifngr1;stat4;il21;tnf;il2rg;tgfb3;ifngr2;il21r;il4;il13;tgfb1;nod2
prerank,Mismatch repair,0.34574919868686493,0.8103390845775824,0.735897435897436,0.905688541748189,1.0,11/22,35.46%,lig1;pold4;exo1;rfc3;msh2;rpa2;pcna;rfc2;pold3;pold1;msh6
prerank,Mannose type O-glycan biosynthesis,-0.27471245416279166,-0.8060256531221761,0.7450980392156863,0.9701954318413268,1.0,5/18,17.49%,fut9;st3gal3;pomt2;chst10;b3galnt2
prerank,Various types of N-glycan biosynthesis,0.3176802890117018,0.8053024849078708,0.7685851318944844,0.9089626498830468,1.0,9/36,22.79%,b4galnt4;chst8;b4galt2;chst9;hexb;hexa;man1c1;mgat4b;b4galt3
prerank,Base excision repair,0.3232366927912208,0.8029198686184384,0.7642679900744417,0.908404173014461,1.0,10/33,28.73%,lig1;pold4;mutyh;pole;pole2;mbd4;fen1;neil3;pcna;mpg
prerank,Glycerolipid metabolism,0.2896576184703733,0.7932714895426658,0.7940161104718066,0.9172921867625276,1.0,17/54,20.96%,mogat2;lpl;pnpla3;mogat1;plpp2;lpin3;aldh1b1;dgkd;mboat2;aldh3a2;dgkz;agpat1;akr1b10;mboat1;gla;lpin1;dgkg
prerank,Ubiquitin mediated proteolysis,-0.18835600532447613,-0.7922207495082734,0.9722222222222222,0.9732639989853509,1.0,35/132,24.09%,birc7;ube2ql1;aire;syvn1;socs3;ube4a;cul2;fancl;cul5;nhlrc1;ube3a;xiap;ube2e1;ube2u;ube2q2;ube2r2;wwp1;rhobtb2;fbxo2;ube2d3;cdc26;ube2h;ube2b;klhl9;ube4b;cul1;anapc13;ercc8;ube2e3;itch;rnf7;pias2;ube2e2;ubox5;herc4
prerank,Coronavirus disease,-0.1840419968861465,-0.7919475478344997,1.0,0.9554978301109055,1.0,16/197,6.80%,cfd;c8b;il6;c8a;fos;c9;egfr;c6;il2;fgg;c8g;fgb;masp2;fga;ifna13;mmp3
prerank,Pyrimidine metabolism,0.29300571458277624,0.7906429025353019,0.7968217934165721,0.9166515914269528,1.0,20/52,30.78%,nt5e;rrm2;ctps2;dctd;upp1;nt5c1b;entpd1;cda;nt5c2;nme7;nt5c3b;dck;cmpk2;entpd3;nt5c1a;nt5c;entpd6;entpd5;dtymk;rrm2b
prerank,Butanoate metabolism,0.33239214875897083,0.7882031970937609,0.7490542244640606,0.9158704182954301,1.0,3/24,10.56%,acsm4;gad2;gad1
prerank,Glycosaminoglycan biosynthesis,0.2936572628825961,0.7860571869605758,0.8016336056009334,0.9144161222048404,1.0,16/52,26.94%,hs6st2;st3gal2;b4galt2;ndst3;chst1;chst14;chpf;csgalnact1;chst11;xylt1;ust;b4galt3;hs3st2;ext1;hs6st1;chpf2
prerank,Fatty acid biosynthesis,0.351915962480503,0.7817700966797728,0.7326732673267327,0.9158649520924949,1.0,1/16,0.61%,olah
prerank,Nicotinate and nicotinamide metabolism,-0.23376457294764078,-0.7814677072884144,0.7953216374269005,0.9526060272968764,1.0,11/34,21.55%,nnmt;aspdh;bst1;sirt1;sirt3;pnp;nadk2;nmnat3;enpp3;sirt7;enpp1
prerank,Spinocerebellar ataxia,-0.17609104204170956,-0.7721448561933442,1.0,0.9484523720302781,1.0,43/135,25.42%,rbpjl;grin2c;gria1;atxn1;kcnd3;gria2;ulk2;xbp1;kcnc3;psma4;akt2;psma3;itpr2;atg13;atg101;psmd6;reln;mcu;plcb1;atg2b;cycs;itpr1;atg14;pik3r1;psmc1;psmc6;opa1;sptbn2;atp2a2;psma6;atxn3;psmd11;pum1;prkcg;rora;oma1;rb1cc1;psma5;psma1;pik3cb;psma2;psmd2;pik3r4
prerank,Wnt signaling pathway,0.2577492450243729,0.7621501302251238,0.90216271884655,0.936496426489985,1.0,24/154,18.81%,mmp7;wnt7a;wnt10a;wnt16;dkk2;fzd9;ctnnd2;wnt7b;wnt10b;fosl1;fzd10;csnk1e;tle6;sfrp5;ccnd1;camk2a;prkca;vangl2;wnt11;wnt4;plcb2;camk2b;nfatc2;rac2
prerank,Acute myeloid leukemia,0.27287086087986895,0.7561996792450075,0.8528428093645485,0.9389996372776261,1.0,10/64,17.96%,ccna2;cd14;csf2;ccnd1;pik3cd;mapk3;mpo;flt3;dusp6;spi1
prerank,Vasopressin-regulated water reabsorption,0.2901025681818348,0.7537631418773393,0.8240963855421687,0.9375475883737133,1.0,8/40,21.58%,dync1i1;dync2li1;adcy3;dynll1;adcy6;arhgdia;arhgdib;avpr2
prerank,Measles,0.25133479402165815,0.741832683961669,0.9148936170212766,0.9472133820025971,1.0,30/117,25.11%,ccne1;tnfaip3;il12b;mx1;cd28;tlr9;apaf1;tlr7;ccnd1;pik3cd;tlr2;oas3;cd3g;bax;bcl2l1;bcl2;il2rg;il2rb;irf7;oas2;cd3d;msn;ikbke;cd3e;bak1;ccne2;ccnd3;bid;irak4;cdk6
prerank,Legionellosis,0.27200161354240493,0.7366028184894488,0.8550057537399309,0.9486505788817489,1.0,10/52,21.36%,cd14;casp1;il12b;nfkb2;apaf1;tlr2;cxcl3;tnf;nlrc4;itgb2
prerank,Influenza A,0.24937623471008308,0.7336143450779042,0.9324324324324325,0.9475009050153457,1.0,37/135,25.11%,tmprss4;casp1;il12b;tpsab1;ccl2;ccl5;tmprss2;mx1;slc25a4;ciita;calcoco2;tnfrsf10b;apaf1;tlr7;nxf2;pik3cd;ifngr1;mapk3;icam1;prkca;cxcl10;oas3;bax;tpsb2;tnf;rsad2;irf7;ifngr2;oas2;rnasel;ikbke;bak1;ccnd3;nlrp3;bid;irak4;cdk6
prerank,Viral myocarditis,0.28398549127478306,0.7290490985152518,0.8615751789976134,0.9482249010766541,1.0,17/38,32.69%,prf1;lama2;cd28;ccnd1;icam1;cd40;rac2;cd86;itgb2;abl2;sgca;bid;abl1;actb;cd80;cxadr;cav1
prerank,One carbon pool by folate,0.31448751010824605,0.71892211788011,0.8348868175765646,0.9540538057811337,1.0,1/18,1.24%,mthfd1l
prerank,Adherens junction,0.25676268208395425,0.7054953306665829,0.9244249726177437,0.9621751373324103,1.0,16/68,25.08%,src;nectin4;ctnna2;was;tgfbr2;iqgap1;mapk3;rac2;snai1;ptprm;baiap2;cdh1;ptpn6;actn1;fgfr1;wasf3
prerank,Insulin resistance,-0.16785550018316497,-0.6770863441344639,1.0,1.0,1.0,21/103,17.98%,il6;slc27a5;g6pc2;rps6ka6;socs3;pygl;prkcz;acacb;prkag3;gfpt2;pck1;slc27a2;ppp1r3c;akt2;creb3l3;irs2;crtc2;ppp1r3e;pten;mlxipl;pik3r1
prerank,Circadian rhythm,-0.21207102809710127,-0.6680832246076521,0.9567567567567568,1.0,1.0,10/28,23.77%,nr1d1;prkag3;clock;bhlhe41;cry1;rorb;cul1;prkaa2;rora;fbxl3
prerank,Ribosome biogenesis in eukaryotes,-0.1777610380795811,-0.660353217587984,0.9803921568627451,0.996173636182733,1.0,28/67,37.27%,rpp25;nxt2;utp14a;rcl1;rpp25l;emg1;heatr1;xrn1;imp3;pop5;nmd3;rpp40;csnk2a1;rexo2;pop4;xpo1;dkc1;bms1;utp6;fcf1;nat10;gnl2;fbl;mdn1;gnl3;nol6;gtpbp4;rpp30
prerank,Longevity regulating pathway,0.22570894637744793,0.655431183580163,0.9657020364415863,0.9959466624599596,1.0,10/96,15.83%,adcy8;adcy1;adcy2;pparg;sesn2;adcy7;pik3cd;bax;prkab1;adcy3
prerank,Th17 cell differentiation,0.22894708350684204,0.6488404468329357,0.9664864864864865,0.9958619103073842,1.0,22/90,22.62%,nfkbie;cd247;il23a;il17d;mapk11;lck;lat;mapk13;tgfbr2;ifngr1;mapk3;il21;cd3g;il2rg;il2rb;nfatc2;ifngr2;il21r;il4;cd3d;il27ra;cd3e
prerank,AMPK signaling pathway,0.22207771550436903,0.6458503564991429,0.9694415173867229,0.9933349578655069,1.0,15/114,15.79%,cftr;ccna2;lepr;cd36;pfkp;ppp2r2b;pfkfb4;cpt1c;pparg;pck2;fbp2;ccnd1;pik3cd;prkab1;pfkfb3
prerank,Diabetic cardiomyopathy,0.21104489687302783,0.6203718852669123,0.9938900203665988,1.0,1.0,35/165,24.82%,tgfb2;cybb;cd36;ace;cox4i2;slc25a4;cox6b2;ager;mapk11;mmp2;camk2a;pik3cd;ncf4;mapk13;tgfbr2;prkca;pdk4;plcb2;cyba;prkcd;tgfb3;tbc1d4;camk2b;rac2;ncf2;cma1;cpt1b;pdk3;col1a1;gsr;nos3;ncf1;slc2a1;ctsd;tgfb1
prerank,RNA degradation,-0.16060924976317908,-0.6110970448396803,1.0,0.9979683373621921,1.0,25/67,31.58%,dis3l;nudt16;lsm6;dhx36;dcps;tob1;xrn1;pabpc5;cnot8;ddx6;cnot2;dis3;pan2;edc3;hspa9;cnot1;exosc5;zcchc7;c1d;cnot10;cnot6l;dcp1b;parn;cnot6;lsm5
prerank,Nucleotide excision repair,0.23318226343393378,0.6072611908571922,0.9542790152403282,1.0,1.0,10/43,29.38%,lig1;pold4;ddb2;pole;rfc3;pole2;rpa2;pcna;gtf2h5;rfc2
prerank,Endometrial cancer,0.2195410624013775,0.5932264360991044,0.9787234042553191,1.0,1.0,8/57,15.72%,cdkn1a;gadd45b;ctnna2;ccnd1;pik3cd;mapk3;ddb2;bax
prerank,Fanconi anemia pathway,0.221988081530409,0.5884100611150997,0.9668192219679634,1.0,1.0,23/49,39.18%,fancd2;brca1;eme1;ube2t;hes1;slx4;fanca;palb2;rad51c;polk;rpa2;fancc;brip1;fanci;fancb;poln;fancg;rmi2;telo2;brca2;rev1;faap100;polh
prerank,Cytosolic DNA-sensing pathway,0.221938655899101,0.584366292009124,0.9703196347031964,0.9986095595871549,1.0,9/47,22.04%,casp1;ccl5;aim2;ccl4;zbp1;cxcl10;irf7;ripk3;ikbke
prerank,Thermogenesis,0.1927603662650029,0.5760971801998933,1.0,0.9966227952809414,1.0,15/191,13.53%,adcy8;adcy1;bmp8b;fgf21;cnr1;adcy2;cox4i2;rps6ka1;cox6b2;cpt1c;dpf1;mapk11;pparg;adcy7;mapk13
prerank,Central carbon metabolism in cancer,0.20098758229224112,0.5551335225939329,0.9944567627494457,0.9970502438575504,1.0,20/66,30.18%,hkdc1;pfkp;hk2;pkm;pik3cd;mapk3;gls;pdgfrb;flt3;gck;hk1;slc2a1;fgfr1;slc16a3;sirt6;myc;idh2;pdgfra;pfkl;pik3r3
prerank,RIG-I-like receptor signaling pathway,-0.14712625302853832,-0.5285718841428595,1.0,0.9947897774113768,1.0,15/54,23.19%,ifnk;ifna13;ifna16;chuk;atg5;mavs;rnf125;map3k7;ddx3x;il12a;irf3;azi2;nlrx1;pin1;cyld
prerank,Mitophagy,0.17416071170665262,0.47893615064515993,0.9966101694915255,1.0,1.0,5/62,17.85%,src;calcoco2;e2f1;bcl2l1;rras
prerank,N-Glycan biosynthesis,0.158409574937808,0.4172323812468369,1.0,0.9994000184043434,1.0,12/45,31.94%,b4galt2;mgat3;mgat5;srd5a3;man1c1;mgat4b;b4galt3;st6gal2;st6gal1;mgat4a;alg12;man1b1
